Date,Message,Admin,
05/19/2026 18:59:49,Player profile (244942521901 - 6087089) was modified.,m.garcia,
05/19/2026 18:58:46,KYC status for User:(6053650), was changed to Approved by m.garcia.,m.garcia
05/19/2026 18:58:46,Identity status for User:(6053650), was changed to Pending by m.garcia.,m.garcia
05/19/2026 18:58:33,Player profile (244954837901 - 6053650) was modified.,m.garcia,
05/19/2026 18:57:30,Identity status for User:(6288912), was changed to Pending by m.garcia.,m.garcia
05/19/2026 18:57:30,KYC status for User:(6288912), was changed to Rejected by m.garcia.,m.garcia
05/19/2026 18:56:43,KYC status for User:(6389023), was changed to Approved by m.garcia.,m.garcia
05/19/2026 18:56:43,Identity status for User:(6389023), was changed to Pending by m.garcia.,m.garcia
05/19/2026 18:56:35,Player profile (244973851422 - 6389023) was modified.,m.garcia,
05/19/2026 18:55:57,Identity status for User:(6391767), was changed to Pending by m.garcia.,m.garcia
05/19/2026 18:55:57,KYC status for User:(6391767), was changed to Rejected by m.garcia.,m.garcia
05/19/2026 18:55:50,Identity status for User:(6565353), was changed to Pending by m.garcia.,m.garcia
05/19/2026 18:55:50,KYC status for User:(6565353), was changed to Rejected by m.garcia.,m.garcia
05/19/2026 18:55:42,Identity status for User:(6603014), was changed to Pending by m.garcia.,m.garcia
05/19/2026 18:55:42,KYC status for User:(6603014), was changed to Approved by m.garcia.,m.garcia
05/19/2026 18:55:35,Player profile (244950811162 - 6603014) was modified.,m.garcia,
05/19/2026 18:55:03,KYC status for User:(6612322), was changed to Approved by m.garcia.,m.garcia
05/19/2026 18:55:03,Identity status for User:(6612322), was changed to Pending by m.garcia.,m.garcia
05/19/2026 18:54:55,Player profile (244943579579 - 6612322) was modified.,m.garcia,
05/19/2026 18:54:18,Identity status for User:(6615169), was changed to Pending by m.garcia.,m.garcia
05/19/2026 18:54:18,KYC status for User:(6615169), was changed to Approved by m.garcia.,m.garcia
05/19/2026 18:54:10,Player profile (244927626234 - 6615169) was modified.,m.garcia,
05/19/2026 18:53:13,Identity status for User:(6615173), was changed to Pending by m.garcia.,m.garcia
05/19/2026 18:53:13,KYC status for User:(6615173), was changed to Approved by m.garcia.,m.garcia
05/19/2026 18:53:05,Player profile (244987659824 - 6615173) was modified.,m.garcia,
05/19/2026 18:52:09,KYC status for User:(6615209), was changed to Approved by m.garcia.,m.garcia
05/19/2026 18:52:09,Identity status for User:(6615209), was changed to Pending by m.garcia.,m.garcia
05/19/2026 18:51:58,Player profile (244973124598 - 6615209) was modified.,m.garcia,
05/19/2026 18:51:20,KYC status for User:(6615210), was changed to Rejected by m.garcia.,m.garcia
05/19/2026 18:51:20,Identity status for User:(6615210), was changed to Pending by m.garcia.,m.garcia
05/19/2026 18:51:13,Identity status for User:(6615234), was changed to Pending by m.garcia.,m.garcia
05/19/2026 18:51:13,KYC status for User:(6615234), was changed to Approved by m.garcia.,m.garcia
05/19/2026 18:51:04,Player profile (244926025874 - 6615234) was modified.,m.garcia,
05/19/2026 18:50:22,Identity status for User:(6615239), was changed to Pending by m.garcia.,m.garcia
05/19/2026 18:50:22,KYC status for User:(6615239), was changed to Approved by m.garcia.,m.garcia
05/19/2026 18:50:16,Player profile (244926025876 - 6615239) was modified.,m.garcia,
05/19/2026 18:48:57,KYC status for User:(6615250), was changed to Approved by m.garcia.,m.garcia
05/19/2026 18:48:57,Identity status for User:(6615250), was changed to Pending by m.garcia.,m.garcia
05/19/2026 18:48:50,Player profile (244926025877 - 6615250) was modified.,m.garcia,
05/19/2026 18:47:25,Identity status for User:(6615256), was changed to Pending by m.garcia.,m.garcia
05/19/2026 18:47:25,KYC status for User:(6615256), was changed to Approved by m.garcia.,m.garcia
05/19/2026 18:47:12,Player profile (244926025878 - 6615256) was modified.,m.garcia,
05/19/2026 18:46:12,KYC status for User:(6615270), was changed to Approved by m.garcia.,m.garcia
05/19/2026 18:46:12,Identity status for User:(6615270), was changed to Pending by m.garcia.,m.garcia
05/19/2026 18:46:03,Player profile (244956190190 - 6615270) was modified.,m.garcia,
05/19/2026 18:45:07,Identity status for User:(6615281), was changed to Pending by m.garcia.,m.garcia
05/19/2026 18:45:07,KYC status for User:(6615281), was changed to Rejected by m.garcia.,m.garcia
05/19/2026 18:44:58,Identity status for User:(6615284), was changed to Pending by m.garcia.,m.garcia
05/19/2026 18:44:58,KYC status for User:(6615284), was changed to Rejected by m.garcia.,m.garcia
05/19/2026 18:44:48,Identity status for User:(6615312), was changed to Pending by m.garcia.,m.garcia
05/19/2026 18:44:48,KYC status for User:(6615312), was changed to Rejected by m.garcia.,m.garcia
05/19/2026 18:34:30,Identity status for User:(6087313), was changed to Pending by m.garcia.,m.garcia
05/19/2026 18:34:30,KYC status for User:(6087313), was changed to Rejected by m.garcia.,m.garcia
05/19/2026 18:34:23,Identity status for User:(6232216), was changed to Pending by m.garcia.,m.garcia
05/19/2026 18:34:23,KYC status for User:(6232216), was changed to Rejected by m.garcia.,m.garcia
05/19/2026 18:34:16,KYC status for User:(6589885), was changed to Rejected by m.garcia.,m.garcia
05/19/2026 18:34:16,Identity status for User:(6589885), was changed to Pending by m.garcia.,m.garcia
05/19/2026 18:34:09,Identity status for User:(6611666), was changed to Pending by m.garcia.,m.garcia
05/19/2026 18:34:09,KYC status for User:(6611666), was changed to Rejected by m.garcia.,m.garcia
05/19/2026 18:34:02,Identity status for User:(6613513), was changed to Pending by m.garcia.,m.garcia
05/19/2026 18:34:02,KYC status for User:(6613513), was changed to Rejected by m.garcia.,m.garcia
05/19/2026 18:31:54,Identity status for User:(6614429), was changed to Pending by m.garcia.,m.garcia
05/19/2026 18:31:54,KYC status for User:(6614429), was changed to Approved by m.garcia.,m.garcia
05/19/2026 18:31:45,Player profile (244926174491 - 6614429) was modified.,m.garcia,
05/19/2026 18:30:28,Identity status for User:(6614913), was changed to Pending by m.garcia.,m.garcia
05/19/2026 18:30:28,KYC status for User:(6614913), was changed to Rejected by m.garcia.,m.garcia
05/19/2026 18:30:17,Identity status for User:(6614917), was changed to Pending by m.garcia.,m.garcia
05/19/2026 18:30:17,KYC status for User:(6614917), was changed to Approved by m.garcia.,m.garcia
05/19/2026 18:30:09,Player profile (244954334672 - 6614917) was modified.,m.garcia,
05/19/2026 18:27:41,KYC status for User:(6614954), was changed to Rejected by m.garcia.,m.garcia
05/19/2026 18:27:41,Identity status for User:(6614954), was changed to Pending by m.garcia.,m.garcia
05/19/2026 18:27:28,Identity status for User:(6614963), was changed to Pending by m.garcia.,m.garcia
05/19/2026 18:27:28,KYC status for User:(6614963), was changed to Rejected by m.garcia.,m.garcia
05/19/2026 18:27:19,Identity status for User:(6614967), was changed to Pending by m.garcia.,m.garcia
05/19/2026 18:27:19,KYC status for User:(6614967), was changed to Approved by m.garcia.,m.garcia
05/19/2026 18:27:11,Player profile (244922205703 - 6614967) was modified.,m.garcia,
05/19/2026 18:26:20,Identity status for User:(6614972), was changed to Pending by m.garcia.,m.garcia
05/19/2026 18:26:20,KYC status for User:(6614972), was changed to Approved by m.garcia.,m.garcia
05/19/2026 18:26:11,Player profile (244959818346 - 6614972) was modified.,m.garcia,
05/19/2026 18:25:36,Identity status for User:(6614997), was changed to Pending by m.garcia.,m.garcia
05/19/2026 18:25:36,KYC status for User:(6614997), was changed to Rejected by m.garcia.,m.garcia
05/19/2026 18:25:27,Identity status for User:(6615002), was changed to Pending by m.garcia.,m.garcia
05/19/2026 18:25:27,KYC status for User:(6615002), was changed to Approved by m.garcia.,m.garcia
05/19/2026 18:25:19,Player profile (244954020801 - 6615002) was modified.,m.garcia,
05/19/2026 18:24:44,KYC status for User:(6615019), was changed to Approved by m.garcia.,m.garcia
05/19/2026 18:24:44,Identity status for User:(6615019), was changed to Pending by m.garcia.,m.garcia
05/19/2026 18:24:36,Player profile (244951803707 - 6615019) was modified.,m.garcia,
05/19/2026 18:23:57,Identity status for User:(6615051), was changed to Pending by m.garcia.,m.garcia
05/19/2026 18:23:57,KYC status for User:(6615051), was changed to Rejected by m.garcia.,m.garcia
05/19/2026 18:23:49,KYC status for User:(6615079), was changed to Rejected by m.garcia.,m.garcia
05/19/2026 18:23:49,Identity status for User:(6615079), was changed to Pending by m.garcia.,m.garcia
05/19/2026 18:23:40,KYC status for User:(6615028), was changed to Approved by m.garcia.,m.garcia
05/19/2026 18:23:40,Identity status for User:(6615028), was changed to Pending by m.garcia.,m.garcia
05/19/2026 18:23:30,Player profile (244931063117 - 6615028) was modified.,m.garcia,
05/19/2026 18:22:57,Identity status for User:(6615051), was changed to Pending by m.garcia.,m.garcia
05/19/2026 18:22:57,KYC status for User:(6615051), was changed to Rejected by m.garcia.,m.garcia
05/19/2026 18:22:50,Identity status for User:(6615079), was changed to Pending by m.garcia.,m.garcia
05/19/2026 18:22:50,KYC status for User:(6615079), was changed to Rejected by m.garcia.,m.garcia
05/19/2026 18:22:42,Identity status for User:(6615084), was changed to Pending by m.garcia.,m.garcia
05/19/2026 18:22:42,KYC status for User:(6615084), was changed to Approved by m.garcia.,m.garcia
05/19/2026 18:22:34,Player profile (244925713983 - 6615084) was modified.,m.garcia,
05/19/2026 18:22:04,Identity status for User:(6615092), was changed to Pending by m.garcia.,m.garcia
05/19/2026 18:22:04,KYC status for User:(6615092), was changed to Rejected by m.garcia.,m.garcia
05/19/2026 18:21:55,KYC status for User:(6615102), was changed to Approved by m.garcia.,m.garcia
05/19/2026 18:21:55,Identity status for User:(6615102), was changed to Pending by m.garcia.,m.garcia
05/19/2026 18:21:45,Player profile (244953613899 - 6615102) was modified.,m.garcia,
05/19/2026 18:20:42,Identity status for User:(6615110), was changed to Pending by m.garcia.,m.garcia
05/19/2026 18:20:42,KYC status for User:(6615110), was changed to Rejected by m.garcia.,m.garcia
05/19/2026 18:20:33,Identity status for User:(6615121), was changed to Pending by m.garcia.,m.garcia
05/19/2026 18:20:33,KYC status for User:(6615121), was changed to Approved by m.garcia.,m.garcia
05/19/2026 18:20:25,Player profile (244946492600 - 6615121) was modified.,m.garcia,
05/19/2026 18:19:48,Identity status for User:(6615122), was changed to Pending by m.garcia.,m.garcia
05/19/2026 18:19:48,KYC status for User:(6615122), was changed to Rejected by m.garcia.,m.garcia
05/19/2026 18:19:40,Identity status for User:(6615131), was changed to Pending by m.garcia.,m.garcia
05/19/2026 18:19:40,KYC status for User:(6615131), was changed to Rejected by m.garcia.,m.garcia
05/19/2026 17:59:00,KYC status for User:(6438564), was changed to Rejected by m.garcia.,m.garcia
05/19/2026 17:59:00,Identity status for User:(6438564), was changed to Pending by m.garcia.,m.garcia
05/19/2026 17:58:47,KYC status for User:(6519410), was changed to Rejected by m.garcia.,m.garcia
05/19/2026 17:58:47,Identity status for User:(6519410), was changed to Pending by m.garcia.,m.garcia
05/19/2026 17:58:40,Identity status for User:(6519955), was changed to Pending by m.garcia.,m.garcia
05/19/2026 17:58:40,KYC status for User:(6519955), was changed to Rejected by m.garcia.,m.garcia
05/19/2026 17:58:26,Player profile (244924724761 - 6528275) was modified.,m.garcia,
05/19/2026 17:58:10,Identity status for User:(6528275), was changed to Pending by m.garcia.,m.garcia
05/19/2026 17:58:10,KYC status for User:(6528275), was changed to Approved by m.garcia.,m.garcia
05/19/2026 17:58:02,Player profile (244924724761 - 6528275) was modified.,m.garcia,
05/19/2026 17:56:11,Identity status for User:(6609739), was changed to Pending by m.garcia.,m.garcia
05/19/2026 17:56:11,KYC status for User:(6609739), was changed to Rejected by m.garcia.,m.garcia
05/19/2026 17:56:02,Identity status for User:(6613675), was changed to Pending by m.garcia.,m.garcia
05/19/2026 17:56:02,KYC status for User:(6613675), was changed to Rejected by m.garcia.,m.garcia
05/19/2026 17:55:53,KYC status for User:(6614044), was changed to Approved by m.garcia.,m.garcia
05/19/2026 17:55:53,Identity status for User:(6614044), was changed to Pending by m.garcia.,m.garcia
05/19/2026 17:55:34,Player profile (244940119738 - 6614044) was modified.,m.garcia,
05/19/2026 17:54:48,Identity status for User:(6614734), was changed to Pending by m.garcia.,m.garcia
05/19/2026 17:54:48,KYC status for User:(6614734), was changed to Approved by m.garcia.,m.garcia
05/19/2026 17:54:37,Player profile (244936888273 - 6614734) was modified.,m.garcia,
05/19/2026 17:41:29,Player profile (244923825534 - 6615229) was modified.,m.garcia,
05/19/2026 17:41:05,Identity status for User:(6615229), was changed to Pending by m.garcia.,m.garcia
05/19/2026 17:41:05,KYC status for User:(6615229), was changed to Approved by m.garcia.,m.garcia
05/19/2026 17:29:52,Player profile (244951141892 - 6614735) was modified.,m.garcia,
05/19/2026 17:29:47,Identity status for User:(6614735), was changed to Pending by m.garcia.,m.garcia
05/19/2026 17:29:47,KYC status for User:(6614735), was changed to Approved by m.garcia.,m.garcia
05/19/2026 17:29:39,Player profile (244951141892 - 6614735) was modified.,m.garcia,
05/19/2026 17:28:38,Identity status for User:(6614765), was changed to Pending by m.garcia.,m.garcia
05/19/2026 17:28:38,KYC status for User:(6614765), was changed to Rejected by m.garcia.,m.garcia
05/19/2026 17:28:29,Identity status for User:(6614771), was changed to Pending by m.garcia.,m.garcia
05/19/2026 17:28:29,KYC status for User:(6614771), was changed to Approved by m.garcia.,m.garcia
05/19/2026 17:28:21,Player profile (244953155439 - 6614771) was modified.,m.garcia,
05/19/2026 17:27:36,Identity status for User:(6614778), was changed to Pending by m.garcia.,m.garcia
05/19/2026 17:27:36,KYC status for User:(6614778), was changed to Approved by m.garcia.,m.garcia
05/19/2026 17:27:25,Player profile (244936026462 - 6614778) was modified.,m.garcia,
05/19/2026 17:26:48,Identity status for User:(6614828), was changed to Pending by m.garcia.,m.garcia
05/19/2026 17:26:48,KYC status for User:(6614828), was changed to Rejected by m.garcia.,m.garcia
05/19/2026 17:26:41,Identity status for User:(6614833), was changed to Pending by m.garcia.,m.garcia
05/19/2026 17:26:41,KYC status for User:(6614833), was changed to Approved by m.garcia.,m.garcia
05/19/2026 17:26:29,Player profile (244931850658 - 6614833) was modified.,m.garcia,
05/19/2026 17:22:29,KYC status for User:(6614843), was changed to Approved by m.garcia.,m.garcia
05/19/2026 17:22:29,Identity status for User:(6614843), was changed to Pending by m.garcia.,m.garcia
05/19/2026 17:22:19,Player profile (244958568316 - 6614843) was modified.,m.garcia,
05/19/2026 17:19:10,Identity status for User:(6614844), was changed to Pending by m.garcia.,m.garcia
05/19/2026 17:19:10,KYC status for User:(6614844), was changed to Rejected by m.garcia.,m.garcia
05/19/2026 17:18:56,Identity status for User:(6614853), was changed to Pending by m.garcia.,m.garcia
05/19/2026 17:18:56,KYC status for User:(6614853), was changed to Approved by m.garcia.,m.garcia
05/19/2026 17:18:48,Player profile (244927119181 - 6614853) was modified.,m.garcia,
05/19/2026 17:18:01,Identity status for User:(6614864), was changed to Pending by m.garcia.,m.garcia
05/19/2026 17:18:01,KYC status for User:(6614864), was changed to Approved by m.garcia.,m.garcia
05/19/2026 17:17:54,Player profile (244930900646 - 6614864) was modified.,m.garcia,
05/19/2026 17:17:12,Identity status for User:(6614867), was changed to Pending by m.garcia.,m.garcia
05/19/2026 17:17:12,KYC status for User:(6614867), was changed to Approved by m.garcia.,m.garcia
05/19/2026 17:17:04,Player profile (244933612221 - 6614867) was modified.,m.garcia,
05/19/2026 17:12:06,Identity status for User:(6614873), was changed to Pending by m.garcia.,m.garcia
05/19/2026 17:12:06,KYC status for User:(6614873), was changed to Approved by m.garcia.,m.garcia
05/19/2026 17:11:57,Player profile (244951479744 - 6614873) was modified.,m.garcia,
05/19/2026 17:10:41,KYC status for User:(6614877), was changed to Rejected by m.garcia.,m.garcia
05/19/2026 17:10:41,Identity status for User:(6614877), was changed to Pending by m.garcia.,m.garcia
05/19/2026 17:08:57,Identity status for User:(6614885), was changed to Pending by m.garcia.,m.garcia
05/19/2026 17:08:57,KYC status for User:(6614885), was changed to Approved by m.garcia.,m.garcia
05/19/2026 17:08:49,Player profile (244935927194 - 6614885) was modified.,m.garcia,
05/19/2026 17:08:08,Identity status for User:(6614889), was changed to Pending by m.garcia.,m.garcia
05/19/2026 17:08:08,KYC status for User:(6614889), was changed to Rejected by m.garcia.,m.garcia
05/19/2026 17:07:54,KYC status for User:(6614901), was changed to Approved by m.garcia.,m.garcia
05/19/2026 17:07:54,Identity status for User:(6614901), was changed to Pending by m.garcia.,m.garcia
05/19/2026 17:07:46,Player profile (244957352307 - 6614901) was modified.,m.garcia,
05/19/2026 17:06:55,Identity status for User:(6614907), was changed to Pending by m.garcia.,m.garcia
05/19/2026 17:06:55,KYC status for User:(6614907), was changed to Rejected by m.garcia.,m.garcia
05/19/2026 16:45:21,Identity status for User:(6605893), was changed to Pending by m.garcia.,m.garcia
05/19/2026 16:45:21,KYC status for User:(6605893), was changed to Approved by m.garcia.,m.garcia
05/19/2026 16:45:10,Player profile (244929992577 - 6605893) was modified.,m.garcia,
05/19/2026 16:42:12,Identity status for User:(6238185), was changed to Pending by m.garcia.,m.garcia
05/19/2026 16:42:12,KYC status for User:(6238185), was changed to Rejected by m.garcia.,m.garcia
05/19/2026 16:42:04,KYC status for User:(6491020), was changed to Rejected by m.garcia.,m.garcia
05/19/2026 16:42:04,Identity status for User:(6491020), was changed to Pending by m.garcia.,m.garcia
05/19/2026 16:36:30,KYC status for User:(6502207), was changed to Rejected by m.garcia.,m.garcia
05/19/2026 16:36:30,Identity status for User:(6502207), was changed to Pending by m.garcia.,m.garcia
05/19/2026 16:35:41,Identity status for User:(6549008), was changed to Pending by m.garcia.,m.garcia
05/19/2026 16:35:41,KYC status for User:(6549008), was changed to Rejected by m.garcia.,m.garcia
05/19/2026 16:32:02,Identity status for User:(6559691), was changed to Pending by m.garcia.,m.garcia
05/19/2026 16:32:02,KYC status for User:(6559691), was changed to Approved by m.garcia.,m.garcia
05/19/2026 16:31:53,Player profile (244926986920 - 6559691) was modified.,m.garcia,
05/19/2026 16:30:52,KYC status for User:(6560821), was changed to Rejected by m.garcia.,m.garcia
05/19/2026 16:30:52,Identity status for User:(6560821), was changed to Pending by m.garcia.,m.garcia
05/19/2026 16:30:45,Identity status for User:(6598637), was changed to Pending by m.garcia.,m.garcia
05/19/2026 16:30:45,KYC status for User:(6598637), was changed to Rejected by m.garcia.,m.garcia
05/19/2026 16:30:02,Identity status for User:(6609679), was changed to Pending by m.garcia.,m.garcia
05/19/2026 16:30:02,KYC status for User:(6609679), was changed to Rejected by m.garcia.,m.garcia
05/19/2026 16:29:54,KYC status for User:(6610784), was changed to Rejected by m.garcia.,m.garcia
05/19/2026 16:29:54,Identity status for User:(6610784), was changed to Pending by m.garcia.,m.garcia
05/19/2026 16:28:46,Identity status for User:(6196871), was changed to Pending by m.garcia.,m.garcia
05/19/2026 16:28:46,KYC status for User:(6196871), was changed to Approved by m.garcia.,m.garcia
05/19/2026 16:28:29,Player profile (244935944014 - 6196871) was modified.,m.garcia,
05/19/2026 16:27:38,Identity status for User:(6439736), was changed to Pending by m.garcia.,m.garcia
05/19/2026 16:27:38,KYC status for User:(6439736), was changed to Approved by m.garcia.,m.garcia
05/19/2026 16:27:20,Player profile (244923652575 - 6439736) was modified.,m.garcia,
05/19/2026 16:26:40,Identity status for User:(6611302), was changed to Pending by m.garcia.,m.garcia
05/19/2026 16:26:40,KYC status for User:(6611302), was changed to Approved by m.garcia.,m.garcia
05/19/2026 16:26:34,Player profile (244953680179 - 6611302) was modified.,m.garcia,
05/19/2026 16:24:34,Identity status for User:(6611338), was changed to Pending by m.garcia.,m.garcia
05/19/2026 16:24:34,KYC status for User:(6611338), was changed to Rejected by m.garcia.,m.garcia
05/19/2026 16:24:28,KYC status for User:(6612216), was changed to Rejected by m.garcia.,m.garcia
05/19/2026 16:24:28,Identity status for User:(6612216), was changed to Pending by m.garcia.,m.garcia
05/19/2026 16:24:20,KYC status for User:(6613368), was changed to Rejected by m.garcia.,m.garcia
05/19/2026 16:24:20,Identity status for User:(6613368), was changed to Pending by m.garcia.,m.garcia
05/19/2026 16:23:46,Identity status for User:(6613847), was changed to Pending by m.garcia.,m.garcia
05/19/2026 16:23:46,KYC status for User:(6613847), was changed to Rejected by m.garcia.,m.garcia
05/19/2026 16:23:38,Identity status for User:(6614136), was changed to Pending by m.garcia.,m.garcia
05/19/2026 16:23:38,KYC status for User:(6614136), was changed to Rejected by m.garcia.,m.garcia
05/19/2026 16:21:24,Identity status for User:(6614692), was changed to Pending by m.garcia.,m.garcia
05/19/2026 16:21:24,KYC status for User:(6614692), was changed to Rejected by m.garcia.,m.garcia
05/19/2026 16:20:57,KYC status for User:(6614700), was changed to Approved by m.garcia.,m.garcia
05/19/2026 16:20:57,Identity status for User:(6614700), was changed to Pending by m.garcia.,m.garcia
05/19/2026 16:20:44,Player profile (244973146762 - 6614700) was modified.,m.garcia,
05/19/2026 16:13:47,Identity status for User:(6614714), was changed to Pending by m.garcia.,m.garcia
05/19/2026 16:13:47,KYC status for User:(6614714), was changed to Approved by m.garcia.,m.garcia
05/19/2026 16:13:38,Player profile (244932782862 - 6614714) was modified.,m.garcia,
05/19/2026 16:12:57,Player profile (244972862768 - 6614718) was modified.,m.garcia,
05/19/2026 16:12:55,Identity status for User:(6614718), was changed to Pending by m.garcia.,m.garcia
05/19/2026 16:12:55,KYC status for User:(6614718), was changed to Approved by m.garcia.,m.garcia
05/19/2026 16:12:44,Player profile (244972862768 - 6614718) was modified.,m.garcia,
05/19/2026 16:12:02,Identity status for User:(6614720), was changed to Pending by m.garcia.,m.garcia
05/19/2026 16:12:02,KYC status for User:(6614720), was changed to Approved by m.garcia.,m.garcia
05/19/2026 16:11:54,Player profile (244935798074 - 6614720) was modified.,m.garcia,
05/19/2026 15:59:01,KYC status for User:(6569895), was changed to Approved by m.garcia.,m.garcia
05/19/2026 15:59:01,Identity status for User:(6569895), was changed to NotVerified by m.garcia.,m.garcia
05/19/2026 15:58:50,Player profile (244924500815 - 6569895) was modified.,m.garcia,
05/19/2026 15:53:29,KYC status for User:(6614723), was changed to Rejected by m.garcia.,m.garcia
05/19/2026 15:53:29,Identity status for User:(6614723), was changed to Pending by m.garcia.,m.garcia
05/19/2026 15:52:10,KYC status for User:(6614724), was changed to Approved by m.garcia.,m.garcia
05/19/2026 15:52:10,Identity status for User:(6614724), was changed to Pending by m.garcia.,m.garcia
05/19/2026 15:52:02,Player profile (244934576811 - 6614724) was modified.,m.garcia,
05/19/2026 15:50:49,KYC status for User:(6614725), was changed to Approved by m.garcia.,m.garcia
05/19/2026 15:50:49,Identity status for User:(6614725), was changed to Pending by m.garcia.,m.garcia
05/19/2026 15:50:43,Player profile (244957483315 - 6614725) was modified.,m.garcia,
05/19/2026 15:50:03,Identity status for User:(6614729), was changed to Pending by m.garcia.,m.garcia
05/19/2026 15:50:03,KYC status for User:(6614729), was changed to Approved by m.garcia.,m.garcia
05/19/2026 15:49:55,Player profile (244954804806 - 6614729) was modified.,m.garcia,
05/19/2026 15:48:45,Identity status for User:(6166030), was changed to Pending by m.garcia.,m.garcia
05/19/2026 15:48:45,KYC status for User:(6166030), was changed to Rejected by m.garcia.,m.garcia
05/19/2026 15:37:43,KYC status for User:(6204922), was changed to Rejected by m.garcia.,m.garcia
05/19/2026 15:37:43,Identity status for User:(6204922), was changed to Pending by m.garcia.,m.garcia
05/19/2026 15:37:35,KYC status for User:(6317512), was changed to Rejected by m.garcia.,m.garcia
05/19/2026 15:37:35,Identity status for User:(6317512), was changed to Pending by m.garcia.,m.garcia
05/19/2026 15:37:24,Identity status for User:(6346498), was changed to Pending by m.garcia.,m.garcia
05/19/2026 15:37:24,KYC status for User:(6346498), was changed to Rejected by m.garcia.,m.garcia
05/19/2026 15:37:15,Identity status for User:(6584348), was changed to Pending by m.garcia.,m.garcia
05/19/2026 15:37:15,KYC status for User:(6584348), was changed to Approved by m.garcia.,m.garcia
05/19/2026 15:37:09,Player profile (244928412711 - 6584348) was modified.,m.garcia,
05/19/2026 15:36:35,Identity status for User:(6591938), was changed to Pending by m.garcia.,m.garcia
05/19/2026 15:36:35,KYC status for User:(6591938), was changed to Rejected by m.garcia.,m.garcia
05/19/2026 15:36:22,Identity status for User:(6597102), was changed to Pending by m.garcia.,m.garcia
05/19/2026 15:36:22,KYC status for User:(6597102), was changed to Rejected by m.garcia.,m.garcia
05/19/2026 15:36:15,Identity status for User:(6597424), was changed to Pending by m.garcia.,m.garcia
05/19/2026 15:36:15,KYC status for User:(6597424), was changed to Approved by m.garcia.,m.garcia
05/19/2026 15:36:07,Player profile (244923582289 - 6597424) was modified.,m.garcia,
05/19/2026 15:35:24,KYC status for User:(6599162), was changed to Rejected by m.garcia.,m.garcia
05/19/2026 15:35:24,Identity status for User:(6599162), was changed to Pending by m.garcia.,m.garcia
05/19/2026 15:35:14,KYC status for User:(6603384), was changed to Rejected by m.garcia.,m.garcia
05/19/2026 15:35:14,Identity status for User:(6603384), was changed to Pending by m.garcia.,m.garcia
05/19/2026 15:34:56,Identity status for User:(6607241), was changed to Pending by m.garcia.,m.garcia
05/19/2026 15:34:56,KYC status for User:(6607241), was changed to Rejected by m.garcia.,m.garcia
05/19/2026 15:30:15,Identity status for User:(6607406), was changed to Pending by m.garcia.,m.garcia
05/19/2026 15:30:15,KYC status for User:(6607406), was changed to Rejected by m.garcia.,m.garcia
05/19/2026 15:22:53,KYC status for User:(6608228), was changed to Approved by m.garcia.,m.garcia
05/19/2026 15:22:53,Identity status for User:(6608228), was changed to Pending by m.garcia.,m.garcia
05/19/2026 15:22:46,Player profile (244928955613 - 6608228) was modified.,m.garcia,
05/19/2026 15:21:50,Identity status for User:(6608609), was changed to Pending by m.garcia.,m.garcia
05/19/2026 15:21:50,KYC status for User:(6608609), was changed to Rejected by m.garcia.,m.garcia
05/19/2026 15:21:41,Identity status for User:(6612492), was changed to Pending by m.garcia.,m.garcia
05/19/2026 15:21:41,KYC status for User:(6612492), was changed to Rejected by m.garcia.,m.garcia
05/19/2026 15:17:07,KYC status for User:(6613083), was changed to Rejected by m.garcia.,m.garcia
05/19/2026 15:17:07,Identity status for User:(6613083), was changed to Pending by m.garcia.,m.garcia
05/19/2026 15:10:34,Identity status for User:(6613948), was changed to Pending by m.garcia.,m.garcia
05/19/2026 15:10:34,KYC status for User:(6613948), was changed to Rejected by m.garcia.,m.garcia
05/19/2026 15:09:02,Identity status for User:(6614393), was changed to Pending by m.garcia.,m.garcia
05/19/2026 15:09:02,KYC status for User:(6614393), was changed to Approved by m.garcia.,m.garcia
05/19/2026 15:08:55,Player profile (244951089283 - 6614393) was modified.,m.garcia,
05/19/2026 15:08:18,Identity status for User:(6614416), was changed to Pending by m.garcia.,m.garcia
05/19/2026 15:08:18,KYC status for User:(6614416), was changed to Rejected by m.garcia.,m.garcia
05/19/2026 15:08:07,KYC status for User:(6614652), was changed to Approved by m.garcia.,m.garcia
05/19/2026 15:08:07,Identity status for User:(6614652), was changed to Pending by m.garcia.,m.garcia
05/19/2026 15:08:00,Player profile (244944493248 - 6614652) was modified.,m.garcia,
05/19/2026 15:06:01,Player profile (244972577362 - 6614653) was modified.,m.garcia,
05/19/2026 15:05:55,Identity status for User:(6614653), was changed to Pending by m.garcia.,m.garcia
05/19/2026 15:05:55,KYC status for User:(6614653), was changed to Approved by m.garcia.,m.garcia
05/19/2026 15:05:47,Player profile (244972577362 - 6614653) was modified.,m.garcia,
05/19/2026 15:02:20,Identity status for User:(6614656), was changed to Pending by m.garcia.,m.garcia
05/19/2026 15:02:20,KYC status for User:(6614656), was changed to Approved by m.garcia.,m.garcia
05/19/2026 15:02:02,Player profile (244973146761 - 6614656) was modified.,m.garcia,
05/19/2026 14:59:46,Identity status for User:(6614687), was changed to Pending by m.garcia.,m.garcia
05/19/2026 14:59:46,KYC status for User:(6614687), was changed to Approved by m.garcia.,m.garcia
05/19/2026 14:59:36,Player profile (244956721528 - 6614687) was modified.,m.garcia,
05/19/2026 14:58:52,Identity status for User:(6614686), was changed to Pending by m.garcia.,m.garcia
05/19/2026 14:58:52,KYC status for User:(6614686), was changed to Rejected by m.garcia.,m.garcia
05/19/2026 14:58:42,KYC status for User:(6614670), was changed to Rejected by m.garcia.,m.garcia
05/19/2026 14:58:42,Identity status for User:(6614670), was changed to Pending by m.garcia.,m.garcia
05/19/2026 14:55:28,Identity status for User:(6579072), was changed to Pending by m.garcia.,m.garcia
05/19/2026 14:55:28,KYC status for User:(6579072), was changed to Approved by m.garcia.,m.garcia
05/19/2026 14:55:16,Player profile (244942378592 - 6579072) was modified.,m.garcia,
05/19/2026 14:54:19,KYC status for User:(6185544), was changed to Approved by m.garcia.,m.garcia
05/19/2026 14:54:19,Identity status for User:(6185544), was changed to Pending by m.garcia.,m.garcia
05/19/2026 14:54:06,Player profile (244932711552 - 6185544) was modified.,m.garcia,
05/19/2026 14:53:24,Identity status for User:(6060104), was changed to Pending by m.garcia.,m.garcia
05/19/2026 14:53:24,KYC status for User:(6060104), was changed to Approved by m.garcia.,m.garcia
05/19/2026 14:53:12,Player profile (244946850593 - 6060104) was modified.,m.garcia,
05/19/2026 14:52:31,KYC status for User:(6613442), was changed to Approved by m.garcia.,m.garcia
05/19/2026 14:52:31,Identity status for User:(6613442), was changed to NotVerified by m.garcia.,m.garcia
05/19/2026 14:52:19,Player profile (244973666935 - 6613442) was modified.,m.garcia,
05/19/2026 14:50:17,Player profile (244931652523 - 4245101) was modified.,m.garcia,
05/19/2026 14:48:23,Player profile (244922803800 - 6613957) was modified.,m.garcia,
05/19/2026 14:44:23,KYC status for User:(6246525), was changed to Approved by m.garcia.,m.garcia
05/19/2026 14:44:23,Identity status for User:(6246525), was changed to Pending by m.garcia.,m.garcia
05/19/2026 14:44:10,Player profile (244941492353 - 6246525) was modified.,m.garcia,
05/19/2026 14:43:29,Identity status for User:(6614660), was changed to Pending by m.garcia.,m.garcia
05/19/2026 14:43:29,KYC status for User:(6614660), was changed to Rejected by m.garcia.,m.garcia
05/19/2026 12:47:34,Identity status for User:(6614832), was changed to Pending by h.neto.,h.neto
05/19/2026 12:47:34,KYC status for User:(6614832), was changed to Rejected by h.neto.,h.neto
05/19/2026 12:47:34,Identity status for User:(6614832), was changed to Pending by h.neto.,h.neto
05/19/2026 12:47:34,KYC status for User:(6614832), was changed to Rejected by h.neto.,h.neto
05/19/2026 12:47:34,Identity status for User:(6614832), was changed to Pending by h.neto.,h.neto
05/19/2026 12:47:34,KYC status for User:(6614832), was changed to Rejected by h.neto.,h.neto
05/19/2026 12:47:34,Identity status for User:(6614832), was changed to Pending by h.neto.,h.neto
05/19/2026 12:47:34,KYC status for User:(6614832), was changed to Rejected by h.neto.,h.neto
05/19/2026 12:47:33,KYC status for User:(6614832), was changed to Rejected by h.neto.,h.neto
05/19/2026 12:47:33,Identity status for User:(6614832), was changed to Pending by h.neto.,h.neto
05/19/2026 12:47:33,Identity status for User:(6614832), was changed to Pending by h.neto.,h.neto
05/19/2026 12:47:33,KYC status for User:(6614832), was changed to Rejected by h.neto.,h.neto
05/19/2026 12:47:31,Identity status for User:(6614832), was changed to Pending by h.neto.,h.neto
05/19/2026 12:47:31,KYC status for User:(6614832), was changed to Rejected by h.neto.,h.neto
05/19/2026 12:47:31,Identity status for User:(6614832), was changed to Pending by h.neto.,h.neto
05/19/2026 12:47:31,KYC status for User:(6614832), was changed to Rejected by h.neto.,h.neto
05/19/2026 12:47:18,Identity status for User:(6614797), was changed to Pending by h.neto.,h.neto
05/19/2026 12:47:18,KYC status for User:(6614797), was changed to Rejected by h.neto.,h.neto
05/19/2026 12:47:18,KYC status for User:(6614797), was changed to Rejected by h.neto.,h.neto
05/19/2026 12:47:18,Identity status for User:(6614797), was changed to Pending by h.neto.,h.neto
05/19/2026 12:47:17,Identity status for User:(6614797), was changed to Pending by h.neto.,h.neto
05/19/2026 12:47:17,KYC status for User:(6614797), was changed to Rejected by h.neto.,h.neto
05/19/2026 12:47:17,KYC status for User:(6614797), was changed to Rejected by h.neto.,h.neto
05/19/2026 12:47:17,Identity status for User:(6614797), was changed to Pending by h.neto.,h.neto
05/19/2026 12:47:17,Identity status for User:(6614797), was changed to Pending by h.neto.,h.neto
05/19/2026 12:47:17,KYC status for User:(6614797), was changed to Rejected by h.neto.,h.neto
05/19/2026 12:47:17,Identity status for User:(6614797), was changed to Pending by h.neto.,h.neto
05/19/2026 12:47:17,KYC status for User:(6614797), was changed to Rejected by h.neto.,h.neto
05/19/2026 12:47:16,KYC status for User:(6614797), was changed to Rejected by h.neto.,h.neto
05/19/2026 12:47:16,Identity status for User:(6614797), was changed to Pending by h.neto.,h.neto
05/19/2026 12:46:49,Identity status for User:(6614789), was changed to Approved by h.neto.,h.neto
05/19/2026 12:46:49,KYC status for User:(6614789), was changed to Approved by h.neto.,h.neto
05/19/2026 12:46:43,Player profile (244972019817 - 6614789) was modified.,h.neto,
05/19/2026 12:46:22,Identity status for User:(6614789), was changed to Approved by h.neto.,h.neto
05/19/2026 12:46:22,KYC status for User:(6614789), was changed to Approved by h.neto.,h.neto
05/19/2026 12:45:50,KYC status for User:(6614779), was changed to Rejected by h.neto.,h.neto
05/19/2026 12:45:50,Identity status for User:(6614779), was changed to Pending by h.neto.,h.neto
05/19/2026 12:45:50,Identity status for User:(6614779), was changed to Pending by h.neto.,h.neto
05/19/2026 12:45:50,KYC status for User:(6614779), was changed to Rejected by h.neto.,h.neto
05/19/2026 12:45:49,KYC status for User:(6614779), was changed to Rejected by h.neto.,h.neto
05/19/2026 12:45:49,Identity status for User:(6614779), was changed to Pending by h.neto.,h.neto
05/19/2026 12:45:49,Identity status for User:(6614779), was changed to Pending by h.neto.,h.neto
05/19/2026 12:45:49,KYC status for User:(6614779), was changed to Rejected by h.neto.,h.neto
05/19/2026 12:45:49,Identity status for User:(6614779), was changed to Pending by h.neto.,h.neto
05/19/2026 12:45:49,KYC status for User:(6614779), was changed to Rejected by h.neto.,h.neto
05/19/2026 12:45:49,Identity status for User:(6614779), was changed to Pending by h.neto.,h.neto
05/19/2026 12:45:49,KYC status for User:(6614779), was changed to Rejected by h.neto.,h.neto
05/19/2026 12:45:48,Identity status for User:(6614779), was changed to Pending by h.neto.,h.neto
05/19/2026 12:45:48,KYC status for User:(6614779), was changed to Rejected by h.neto.,h.neto
05/19/2026 12:45:35,Identity status for User:(6614772), was changed to Approved by h.neto.,h.neto
05/19/2026 12:45:35,KYC status for User:(6614772), was changed to Approved by h.neto.,h.neto
05/19/2026 12:45:31,Player profile (244971628135 - 6614772) was modified.,h.neto,
05/19/2026 12:45:18,Identity status for User:(6614772), was changed to Approved by h.neto.,h.neto
05/19/2026 12:45:18,KYC status for User:(6614772), was changed to Approved by h.neto.,h.neto
05/19/2026 12:44:45,Identity status for User:(6614766), was changed to Approved by h.neto.,h.neto
05/19/2026 12:44:45,KYC status for User:(6614766), was changed to Approved by h.neto.,h.neto
05/19/2026 12:44:40,Identity status for User:(6614766), was changed to Approved by h.neto.,h.neto
05/19/2026 12:44:40,KYC status for User:(6614766), was changed to Approved by h.neto.,h.neto
05/19/2026 12:44:32,Player profile (244938391329 - 6614766) was modified.,h.neto,
05/19/2026 12:43:24,Identity status for User:(6614762), was changed to Approved by h.neto.,h.neto
05/19/2026 12:43:24,KYC status for User:(6614762), was changed to Approved by h.neto.,h.neto
05/19/2026 12:43:15,Player profile (244955754898 - 6614762) was modified.,h.neto,
05/19/2026 12:42:47,Player profile (244955754898 - 6614762) was modified.,h.neto,
05/19/2026 12:42:22,Identity status for User:(6614762), was changed to Approved by h.neto.,h.neto
05/19/2026 12:42:22,KYC status for User:(6614762), was changed to Approved by h.neto.,h.neto
05/19/2026 12:41:51,KYC status for User:(6614744), was changed to Rejected by h.neto.,h.neto
05/19/2026 12:41:51,Identity status for User:(6614744), was changed to Pending by h.neto.,h.neto
05/19/2026 12:41:50,KYC status for User:(6614744), was changed to Rejected by h.neto.,h.neto
05/19/2026 12:41:50,Identity status for User:(6614744), was changed to Pending by h.neto.,h.neto
05/19/2026 12:41:48,KYC status for User:(6614744), was changed to Rejected by h.neto.,h.neto
05/19/2026 12:41:48,Identity status for User:(6614744), was changed to Pending by h.neto.,h.neto
05/19/2026 12:41:48,Identity status for User:(6614744), was changed to Pending by h.neto.,h.neto
05/19/2026 12:41:48,KYC status for User:(6614744), was changed to Rejected by h.neto.,h.neto
05/19/2026 12:38:51,KYC status for User:(6595159), was changed to Rejected by h.neto.,h.neto
05/19/2026 12:38:51,Identity status for User:(6595159), was changed to Pending by h.neto.,h.neto
05/19/2026 12:37:50,Identity status for User:(6603743), was changed to Pending by h.neto.,h.neto
05/19/2026 12:37:50,KYC status for User:(6603743), was changed to Rejected by h.neto.,h.neto
05/19/2026 12:37:50,Identity status for User:(6603743), was changed to Pending by h.neto.,h.neto
05/19/2026 12:37:50,KYC status for User:(6603743), was changed to Rejected by h.neto.,h.neto
05/19/2026 12:37:49,Identity status for User:(6603743), was changed to Pending by h.neto.,h.neto
05/19/2026 12:37:49,KYC status for User:(6603743), was changed to Rejected by h.neto.,h.neto
05/19/2026 12:37:49,Identity status for User:(6603743), was changed to Pending by h.neto.,h.neto
05/19/2026 12:37:49,KYC status for User:(6603743), was changed to Rejected by h.neto.,h.neto
05/19/2026 12:37:48,KYC status for User:(6603743), was changed to Rejected by h.neto.,h.neto
05/19/2026 12:37:48,Identity status for User:(6603743), was changed to Pending by h.neto.,h.neto
05/19/2026 12:37:03,Identity status for User:(6263204), was changed to Pending by h.neto.,h.neto
05/19/2026 12:37:03,KYC status for User:(6263204), was changed to Rejected by h.neto.,h.neto
05/19/2026 12:37:02,KYC status for User:(6263204), was changed to Rejected by h.neto.,h.neto
05/19/2026 12:37:02,Identity status for User:(6263204), was changed to Pending by h.neto.,h.neto
05/19/2026 12:37:02,KYC status for User:(6263204), was changed to Rejected by h.neto.,h.neto
05/19/2026 12:37:02,Identity status for User:(6263204), was changed to Pending by h.neto.,h.neto
05/19/2026 12:37:01,Identity status for User:(6263204), was changed to Pending by h.neto.,h.neto
05/19/2026 12:37:01,KYC status for User:(6263204), was changed to Rejected by h.neto.,h.neto
05/19/2026 12:37:01,Identity status for User:(6263204), was changed to Pending by h.neto.,h.neto
05/19/2026 12:37:01,KYC status for User:(6263204), was changed to Rejected by h.neto.,h.neto
05/19/2026 12:36:47,Identity status for User:(6524633), was changed to Approved by h.neto.,h.neto
05/19/2026 12:36:47,KYC status for User:(6524633), was changed to Approved by h.neto.,h.neto
05/19/2026 12:36:36,Player profile (244923546652 - 6524633) was modified.,h.neto,
05/19/2026 12:35:24,KYC status for User:(6579460), was changed to Rejected by h.neto.,h.neto
05/19/2026 12:35:24,Identity status for User:(6579460), was changed to Pending by h.neto.,h.neto
05/19/2026 12:35:24,Identity status for User:(6579460), was changed to Pending by h.neto.,h.neto
05/19/2026 12:35:24,KYC status for User:(6579460), was changed to Rejected by h.neto.,h.neto
05/19/2026 12:35:23,Identity status for User:(6579460), was changed to Pending by h.neto.,h.neto
05/19/2026 12:35:23,KYC status for User:(6579460), was changed to Rejected by h.neto.,h.neto
05/19/2026 12:35:23,KYC status for User:(6579460), was changed to Rejected by h.neto.,h.neto
05/19/2026 12:35:23,Identity status for User:(6579460), was changed to Pending by h.neto.,h.neto
05/19/2026 12:35:23,Identity status for User:(6579460), was changed to Pending by h.neto.,h.neto
05/19/2026 12:35:23,KYC status for User:(6579460), was changed to Rejected by h.neto.,h.neto
05/19/2026 12:35:22,Identity status for User:(6579460), was changed to Pending by h.neto.,h.neto
05/19/2026 12:35:22,KYC status for User:(6579460), was changed to Rejected by h.neto.,h.neto
05/19/2026 12:35:22,Identity status for User:(6579460), was changed to Pending by h.neto.,h.neto
05/19/2026 12:35:22,KYC status for User:(6579460), was changed to Rejected by h.neto.,h.neto
05/19/2026 12:35:09,KYC status for User:(6580599), was changed to Rejected by h.neto.,h.neto
05/19/2026 12:35:09,Identity status for User:(6580599), was changed to Pending by h.neto.,h.neto
05/19/2026 12:34:59,Identity status for User:(6580599), was changed to Pending by h.neto.,h.neto
05/19/2026 12:34:59,KYC status for User:(6580599), was changed to Rejected by h.neto.,h.neto
05/19/2026 12:34:47,Identity status for User:(6588495), was changed to Pending by h.neto.,h.neto
05/19/2026 12:34:47,KYC status for User:(6588495), was changed to Rejected by h.neto.,h.neto
05/19/2026 12:34:47,KYC status for User:(6588495), was changed to Rejected by h.neto.,h.neto
05/19/2026 12:34:47,Identity status for User:(6588495), was changed to Pending by h.neto.,h.neto
05/19/2026 12:34:46,KYC status for User:(6588495), was changed to Rejected by h.neto.,h.neto
05/19/2026 12:34:46,Identity status for User:(6588495), was changed to Pending by h.neto.,h.neto
05/19/2026 12:34:45,Identity status for User:(6588495), was changed to Pending by h.neto.,h.neto
05/19/2026 12:34:45,KYC status for User:(6588495), was changed to Rejected by h.neto.,h.neto
05/19/2026 12:34:45,Identity status for User:(6588495), was changed to Pending by h.neto.,h.neto
05/19/2026 12:34:45,KYC status for User:(6588495), was changed to Rejected by h.neto.,h.neto
05/19/2026 12:34:44,Identity status for User:(6588495), was changed to Pending by h.neto.,h.neto
05/19/2026 12:34:44,KYC status for User:(6588495), was changed to Rejected by h.neto.,h.neto
05/19/2026 12:34:44,Identity status for User:(6588495), was changed to Pending by h.neto.,h.neto
05/19/2026 12:34:44,KYC status for User:(6588495), was changed to Rejected by h.neto.,h.neto
05/19/2026 12:34:35,Identity status for User:(6588587), was changed to Approved by h.neto.,h.neto
05/19/2026 12:34:35,KYC status for User:(6588587), was changed to Approved by h.neto.,h.neto
05/19/2026 12:34:25,Identity status for User:(6588587), was changed to Approved by h.neto.,h.neto
05/19/2026 12:34:25,KYC status for User:(6588587), was changed to Approved by h.neto.,h.neto
05/19/2026 12:33:55,Player profile (244927323562 - 6588587) was modified.,h.neto,
05/19/2026 12:33:12,Identity status for User:(6589279), was changed to Pending by h.neto.,h.neto
05/19/2026 12:33:12,KYC status for User:(6589279), was changed to Rejected by h.neto.,h.neto
05/19/2026 12:33:11,Identity status for User:(6589279), was changed to Pending by h.neto.,h.neto
05/19/2026 12:33:11,KYC status for User:(6589279), was changed to Rejected by h.neto.,h.neto
05/19/2026 12:33:11,Identity status for User:(6589279), was changed to Pending by h.neto.,h.neto
05/19/2026 12:33:11,KYC status for User:(6589279), was changed to Rejected by h.neto.,h.neto
05/19/2026 12:33:11,Identity status for User:(6589279), was changed to Pending by h.neto.,h.neto
05/19/2026 12:33:11,KYC status for User:(6589279), was changed to Rejected by h.neto.,h.neto
05/19/2026 12:33:10,KYC status for User:(6589279), was changed to Rejected by h.neto.,h.neto
05/19/2026 12:33:10,Identity status for User:(6589279), was changed to Pending by h.neto.,h.neto
05/19/2026 12:33:09,KYC status for User:(6589279), was changed to Rejected by h.neto.,h.neto
05/19/2026 12:33:09,Identity status for User:(6589279), was changed to Pending by h.neto.,h.neto
05/19/2026 12:32:57,KYC status for User:(6589359), was changed to Rejected by h.neto.,h.neto
05/19/2026 12:32:57,Identity status for User:(6589359), was changed to Pending by h.neto.,h.neto
05/19/2026 12:32:56,Identity status for User:(6589359), was changed to Pending by h.neto.,h.neto
05/19/2026 12:32:56,KYC status for User:(6589359), was changed to Rejected by h.neto.,h.neto
05/19/2026 12:32:56,Identity status for User:(6589359), was changed to Pending by h.neto.,h.neto
05/19/2026 12:32:56,KYC status for User:(6589359), was changed to Rejected by h.neto.,h.neto
05/19/2026 12:32:56,Identity status for User:(6589359), was changed to Pending by h.neto.,h.neto
05/19/2026 12:32:56,KYC status for User:(6589359), was changed to Rejected by h.neto.,h.neto
05/19/2026 12:32:55,Identity status for User:(6589359), was changed to Pending by h.neto.,h.neto
05/19/2026 12:32:55,KYC status for User:(6589359), was changed to Rejected by h.neto.,h.neto
05/19/2026 12:32:55,Identity status for User:(6589359), was changed to Pending by h.neto.,h.neto
05/19/2026 12:32:55,KYC status for User:(6589359), was changed to Rejected by h.neto.,h.neto
05/19/2026 12:32:55,Identity status for User:(6589359), was changed to Pending by h.neto.,h.neto
05/19/2026 12:32:55,KYC status for User:(6589359), was changed to Rejected by h.neto.,h.neto
05/19/2026 12:32:54,Identity status for User:(6589359), was changed to Pending by h.neto.,h.neto
05/19/2026 12:32:54,KYC status for User:(6589359), was changed to Rejected by h.neto.,h.neto
05/19/2026 12:32:43,Identity status for User:(6592166), was changed to Pending by h.neto.,h.neto
05/19/2026 12:32:43,KYC status for User:(6592166), was changed to Rejected by h.neto.,h.neto
05/19/2026 12:32:43,KYC status for User:(6592166), was changed to Rejected by h.neto.,h.neto
05/19/2026 12:32:43,Identity status for User:(6592166), was changed to Pending by h.neto.,h.neto
05/19/2026 12:32:42,KYC status for User:(6592166), was changed to Rejected by h.neto.,h.neto
05/19/2026 12:32:42,Identity status for User:(6592166), was changed to Pending by h.neto.,h.neto
05/19/2026 12:32:42,Identity status for User:(6592166), was changed to Pending by h.neto.,h.neto
05/19/2026 12:32:42,KYC status for User:(6592166), was changed to Rejected by h.neto.,h.neto
05/19/2026 12:32:41,Identity status for User:(6592166), was changed to Pending by h.neto.,h.neto
05/19/2026 12:32:41,KYC status for User:(6592166), was changed to Rejected by h.neto.,h.neto
05/19/2026 12:32:41,Identity status for User:(6592166), was changed to Pending by h.neto.,h.neto
05/19/2026 12:32:41,KYC status for User:(6592166), was changed to Rejected by h.neto.,h.neto
05/19/2026 12:32:31,KYC status for User:(6593208), was changed to Rejected by h.neto.,h.neto
05/19/2026 12:32:31,Identity status for User:(6593208), was changed to Pending by h.neto.,h.neto
05/19/2026 12:32:30,Identity status for User:(6593208), was changed to Pending by h.neto.,h.neto
05/19/2026 12:32:30,KYC status for User:(6593208), was changed to Rejected by h.neto.,h.neto
05/19/2026 12:32:30,Identity status for User:(6593208), was changed to Pending by h.neto.,h.neto
05/19/2026 12:32:30,KYC status for User:(6593208), was changed to Rejected by h.neto.,h.neto
05/19/2026 12:32:30,Identity status for User:(6593208), was changed to Pending by h.neto.,h.neto
05/19/2026 12:32:30,KYC status for User:(6593208), was changed to Rejected by h.neto.,h.neto
05/19/2026 12:32:29,KYC status for User:(6593208), was changed to Rejected by h.neto.,h.neto
05/19/2026 12:32:29,Identity status for User:(6593208), was changed to Pending by h.neto.,h.neto
05/19/2026 12:32:29,KYC status for User:(6593208), was changed to Rejected by h.neto.,h.neto
05/19/2026 12:32:29,Identity status for User:(6593208), was changed to Pending by h.neto.,h.neto
05/19/2026 12:32:24,Identity status for User:(6595159), was changed to Pending by h.neto.,h.neto
05/19/2026 12:32:24,KYC status for User:(6595159), was changed to Rejected by h.neto.,h.neto
05/19/2026 12:32:24,KYC status for User:(6595159), was changed to Rejected by h.neto.,h.neto
05/19/2026 12:32:24,Identity status for User:(6595159), was changed to Pending by h.neto.,h.neto
05/19/2026 12:32:24,Identity status for User:(6595159), was changed to Pending by h.neto.,h.neto
05/19/2026 12:32:24,KYC status for User:(6595159), was changed to Rejected by h.neto.,h.neto
05/19/2026 12:32:24,KYC status for User:(6595159), was changed to Rejected by h.neto.,h.neto
05/19/2026 12:32:24,Identity status for User:(6595159), was changed to Pending by h.neto.,h.neto
05/19/2026 12:32:23,KYC status for User:(6595159), was changed to Rejected by h.neto.,h.neto
05/19/2026 12:32:23,Identity status for User:(6595159), was changed to Pending by h.neto.,h.neto
05/19/2026 12:32:21,Identity status for User:(6595159), was changed to Pending by h.neto.,h.neto
05/19/2026 12:32:21,KYC status for User:(6595159), was changed to Rejected by h.neto.,h.neto
05/19/2026 12:32:20,Identity status for User:(6595159), was changed to Pending by h.neto.,h.neto
05/19/2026 12:32:20,KYC status for User:(6595159), was changed to Rejected by h.neto.,h.neto
05/19/2026 12:32:07,Identity status for User:(6595938), was changed to Approved by h.neto.,h.neto
05/19/2026 12:32:07,KYC status for User:(6595938), was changed to Approved by h.neto.,h.neto
05/19/2026 12:31:57,Player profile (244924785870 - 6595938) was modified.,h.neto,
05/19/2026 12:31:05,Identity status for User:(6597224), was changed to Pending by h.neto.,h.neto
05/19/2026 12:31:05,KYC status for User:(6597224), was changed to Rejected by h.neto.,h.neto
05/19/2026 12:31:04,KYC status for User:(6597224), was changed to Rejected by h.neto.,h.neto
05/19/2026 12:31:04,Identity status for User:(6597224), was changed to Pending by h.neto.,h.neto
05/19/2026 12:31:04,Identity status for User:(6597224), was changed to Pending by h.neto.,h.neto
05/19/2026 12:31:04,KYC status for User:(6597224), was changed to Rejected by h.neto.,h.neto
05/19/2026 12:31:04,Identity status for User:(6597224), was changed to Pending by h.neto.,h.neto
05/19/2026 12:31:04,KYC status for User:(6597224), was changed to Rejected by h.neto.,h.neto
05/19/2026 12:31:04,Identity status for User:(6597224), was changed to Pending by h.neto.,h.neto
05/19/2026 12:31:04,KYC status for User:(6597224), was changed to Rejected by h.neto.,h.neto
05/19/2026 12:31:03,Identity status for User:(6597224), was changed to Pending by h.neto.,h.neto
05/19/2026 12:31:03,KYC status for User:(6597224), was changed to Rejected by h.neto.,h.neto
05/19/2026 12:31:03,Identity status for User:(6597224), was changed to Pending by h.neto.,h.neto
05/19/2026 12:31:03,KYC status for User:(6597224), was changed to Rejected by h.neto.,h.neto
05/19/2026 12:31:03,Identity status for User:(6597224), was changed to Pending by h.neto.,h.neto
05/19/2026 12:31:03,KYC status for User:(6597224), was changed to Rejected by h.neto.,h.neto
05/19/2026 12:30:57,Identity status for User:(6601723), was changed to Pending by h.neto.,h.neto
05/19/2026 12:30:57,KYC status for User:(6601723), was changed to Rejected by h.neto.,h.neto
05/19/2026 12:30:57,Identity status for User:(6601723), was changed to Pending by h.neto.,h.neto
05/19/2026 12:30:57,KYC status for User:(6601723), was changed to Rejected by h.neto.,h.neto
05/19/2026 12:30:57,Identity status for User:(6601723), was changed to Pending by h.neto.,h.neto
05/19/2026 12:30:57,KYC status for User:(6601723), was changed to Rejected by h.neto.,h.neto
05/19/2026 12:30:57,Identity status for User:(6601723), was changed to Pending by h.neto.,h.neto
05/19/2026 12:30:57,KYC status for User:(6601723), was changed to Rejected by h.neto.,h.neto
05/19/2026 12:30:56,Identity status for User:(6601723), was changed to Pending by h.neto.,h.neto
05/19/2026 12:30:56,KYC status for User:(6601723), was changed to Rejected by h.neto.,h.neto
05/19/2026 12:30:56,KYC status for User:(6601723), was changed to Rejected by h.neto.,h.neto
05/19/2026 12:30:56,Identity status for User:(6601723), was changed to Pending by h.neto.,h.neto
05/19/2026 12:30:55,Identity status for User:(6601723), was changed to Pending by h.neto.,h.neto
05/19/2026 12:30:55,KYC status for User:(6601723), was changed to Rejected by h.neto.,h.neto
05/19/2026 12:30:55,Identity status for User:(6601723), was changed to Pending by h.neto.,h.neto
05/19/2026 12:30:55,KYC status for User:(6601723), was changed to Rejected by h.neto.,h.neto
05/19/2026 12:30:39,KYC status for User:(6602239), was changed to Approved by h.neto.,h.neto
05/19/2026 12:30:39,Identity status for User:(6602239), was changed to Approved by h.neto.,h.neto
05/19/2026 12:30:33,Player profile (244932557931 - 6602239) was modified.,h.neto,
05/19/2026 12:30:14,Identity status for User:(6602239), was changed to Approved by h.neto.,h.neto
05/19/2026 12:30:14,KYC status for User:(6602239), was changed to Approved by h.neto.,h.neto
05/19/2026 12:29:45,KYC status for User:(6603743), was changed to Rejected by h.neto.,h.neto
05/19/2026 12:29:45,Identity status for User:(6603743), was changed to Pending by h.neto.,h.neto
05/19/2026 12:29:45,Identity status for User:(6603743), was changed to Pending by h.neto.,h.neto
05/19/2026 12:29:45,KYC status for User:(6603743), was changed to Rejected by h.neto.,h.neto
05/19/2026 12:29:44,Identity status for User:(6603743), was changed to Pending by h.neto.,h.neto
05/19/2026 12:29:44,KYC status for User:(6603743), was changed to Rejected by h.neto.,h.neto
05/19/2026 12:29:44,KYC status for User:(6603743), was changed to Rejected by h.neto.,h.neto
05/19/2026 12:29:44,Identity status for User:(6603743), was changed to Pending by h.neto.,h.neto
05/19/2026 12:29:44,Identity status for User:(6603743), was changed to Pending by h.neto.,h.neto
05/19/2026 12:29:44,KYC status for User:(6603743), was changed to Rejected by h.neto.,h.neto
05/19/2026 12:29:44,KYC status for User:(6603743), was changed to Rejected by h.neto.,h.neto
05/19/2026 12:29:44,Identity status for User:(6603743), was changed to Pending by h.neto.,h.neto
05/19/2026 12:29:44,Identity status for User:(6603743), was changed to Pending by h.neto.,h.neto
05/19/2026 12:29:44,KYC status for User:(6603743), was changed to Rejected by h.neto.,h.neto
05/19/2026 12:29:38,Identity status for User:(6604701), was changed to Pending by h.neto.,h.neto
05/19/2026 12:29:38,KYC status for User:(6604701), was changed to Rejected by h.neto.,h.neto
05/19/2026 12:29:37,Identity status for User:(6604701), was changed to Pending by h.neto.,h.neto
05/19/2026 12:29:37,KYC status for User:(6604701), was changed to Rejected by h.neto.,h.neto
05/19/2026 12:29:37,KYC status for User:(6604701), was changed to Rejected by h.neto.,h.neto
05/19/2026 12:29:37,Identity status for User:(6604701), was changed to Pending by h.neto.,h.neto
05/19/2026 12:29:37,Identity status for User:(6604701), was changed to Pending by h.neto.,h.neto
05/19/2026 12:29:37,KYC status for User:(6604701), was changed to Rejected by h.neto.,h.neto
05/19/2026 12:29:37,Identity status for User:(6604701), was changed to Pending by h.neto.,h.neto
05/19/2026 12:29:37,KYC status for User:(6604701), was changed to Rejected by h.neto.,h.neto
05/19/2026 12:29:36,KYC status for User:(6604701), was changed to Rejected by h.neto.,h.neto
05/19/2026 12:29:36,Identity status for User:(6604701), was changed to Pending by h.neto.,h.neto
05/19/2026 12:29:28,KYC status for User:(6605671), was changed to Rejected by h.neto.,h.neto
05/19/2026 12:29:28,Identity status for User:(6605671), was changed to Pending by h.neto.,h.neto
05/19/2026 12:29:28,Identity status for User:(6605671), was changed to Pending by h.neto.,h.neto
05/19/2026 12:29:28,KYC status for User:(6605671), was changed to Rejected by h.neto.,h.neto
05/19/2026 12:29:28,KYC status for User:(6605671), was changed to Rejected by h.neto.,h.neto
05/19/2026 12:29:28,Identity status for User:(6605671), was changed to Pending by h.neto.,h.neto
05/19/2026 12:29:28,Identity status for User:(6605671), was changed to Pending by h.neto.,h.neto
05/19/2026 12:29:28,KYC status for User:(6605671), was changed to Rejected by h.neto.,h.neto
05/19/2026 12:29:27,Identity status for User:(6605671), was changed to Pending by h.neto.,h.neto
05/19/2026 12:29:27,KYC status for User:(6605671), was changed to Rejected by h.neto.,h.neto
05/19/2026 12:29:27,Identity status for User:(6605671), was changed to Pending by h.neto.,h.neto
05/19/2026 12:29:27,KYC status for User:(6605671), was changed to Rejected by h.neto.,h.neto
05/19/2026 12:29:27,Identity status for User:(6605671), was changed to Pending by h.neto.,h.neto
05/19/2026 12:29:27,KYC status for User:(6605671), was changed to Rejected by h.neto.,h.neto
05/19/2026 12:29:18,Identity status for User:(6605937), was changed to Pending by h.neto.,h.neto
05/19/2026 12:29:18,KYC status for User:(6605937), was changed to Rejected by h.neto.,h.neto
05/19/2026 12:29:18,Identity status for User:(6605937), was changed to Pending by h.neto.,h.neto
05/19/2026 12:29:18,KYC status for User:(6605937), was changed to Rejected by h.neto.,h.neto
05/19/2026 12:29:18,Identity status for User:(6605937), was changed to Pending by h.neto.,h.neto
05/19/2026 12:29:18,KYC status for User:(6605937), was changed to Rejected by h.neto.,h.neto
05/19/2026 12:29:17,KYC status for User:(6605937), was changed to Rejected by h.neto.,h.neto
05/19/2026 12:29:17,Identity status for User:(6605937), was changed to Pending by h.neto.,h.neto
05/19/2026 12:29:17,Identity status for User:(6605937), was changed to Pending by h.neto.,h.neto
05/19/2026 12:29:17,KYC status for User:(6605937), was changed to Rejected by h.neto.,h.neto
05/19/2026 12:29:17,KYC status for User:(6605937), was changed to Rejected by h.neto.,h.neto
05/19/2026 12:29:17,Identity status for User:(6605937), was changed to Pending by h.neto.,h.neto
05/19/2026 12:29:17,KYC status for User:(6605937), was changed to Rejected by h.neto.,h.neto
05/19/2026 12:29:17,Identity status for User:(6605937), was changed to Pending by h.neto.,h.neto
05/19/2026 12:29:17,KYC status for User:(6605937), was changed to Rejected by h.neto.,h.neto
05/19/2026 12:29:17,Identity status for User:(6605937), was changed to Pending by h.neto.,h.neto
05/19/2026 12:28:43,Identity status for User:(6606055), was changed to Pending by h.neto.,h.neto
05/19/2026 12:28:43,KYC status for User:(6606055), was changed to Rejected by h.neto.,h.neto
05/19/2026 12:28:43,Identity status for User:(6606055), was changed to Pending by h.neto.,h.neto
05/19/2026 12:28:43,KYC status for User:(6606055), was changed to Rejected by h.neto.,h.neto
05/19/2026 12:28:43,Identity status for User:(6606055), was changed to Pending by h.neto.,h.neto
05/19/2026 12:28:43,KYC status for User:(6606055), was changed to Rejected by h.neto.,h.neto
05/19/2026 12:28:38,KYC status for User:(6606055), was changed to Rejected by h.neto.,h.neto
05/19/2026 12:28:38,Identity status for User:(6606055), was changed to Pending by h.neto.,h.neto
05/19/2026 12:28:38,Identity status for User:(6606055), was changed to Pending by h.neto.,h.neto
05/19/2026 12:28:38,KYC status for User:(6606055), was changed to Rejected by h.neto.,h.neto
05/19/2026 12:28:28,KYC status for User:(6606258), was changed to Approved by h.neto.,h.neto
05/19/2026 12:28:28,Identity status for User:(6606258), was changed to Approved by h.neto.,h.neto
05/19/2026 12:28:21,Identity status for User:(6606258), was changed to Approved by h.neto.,h.neto
05/19/2026 12:28:21,KYC status for User:(6606258), was changed to Approved by h.neto.,h.neto
05/19/2026 12:28:12,Player profile (244954732340 - 6606258) was modified.,h.neto,
05/19/2026 12:26:10,Identity status for User:(6606530), was changed to Pending by h.neto.,h.neto
05/19/2026 12:26:10,KYC status for User:(6606530), was changed to Rejected by h.neto.,h.neto
05/19/2026 12:26:08,KYC status for User:(6606530), was changed to Rejected by h.neto.,h.neto
05/19/2026 12:26:08,Identity status for User:(6606530), was changed to Pending by h.neto.,h.neto
05/19/2026 12:26:08,Identity status for User:(6606530), was changed to Pending by h.neto.,h.neto
05/19/2026 12:26:08,KYC status for User:(6606530), was changed to Rejected by h.neto.,h.neto
05/19/2026 12:26:06,KYC status for User:(6606530), was changed to Rejected by h.neto.,h.neto
05/19/2026 12:26:06,Identity status for User:(6606530), was changed to Pending by h.neto.,h.neto
05/19/2026 12:26:05,Identity status for User:(6606846), was changed to Pending by h.neto.,h.neto
05/19/2026 12:26:05,KYC status for User:(6606846), was changed to Rejected by h.neto.,h.neto
05/19/2026 12:26:03,Identity status for User:(6606846), was changed to Pending by h.neto.,h.neto
05/19/2026 12:26:03,KYC status for User:(6606846), was changed to Rejected by h.neto.,h.neto
05/19/2026 12:26:01,Identity status for User:(6606846), was changed to Pending by h.neto.,h.neto
05/19/2026 12:26:01,KYC status for User:(6606846), was changed to Rejected by h.neto.,h.neto
05/19/2026 12:25:56,Identity status for User:(6606988), was changed to Pending by h.neto.,h.neto
05/19/2026 12:25:56,KYC status for User:(6606988), was changed to Rejected by h.neto.,h.neto
05/19/2026 12:25:56,Identity status for User:(6606988), was changed to Pending by h.neto.,h.neto
05/19/2026 12:25:56,KYC status for User:(6606988), was changed to Rejected by h.neto.,h.neto
05/19/2026 12:25:55,Identity status for User:(6606988), was changed to Pending by h.neto.,h.neto
05/19/2026 12:25:55,KYC status for User:(6606988), was changed to Rejected by h.neto.,h.neto
05/19/2026 12:25:46,Identity status for User:(6606530), was changed to Pending by h.neto.,h.neto
05/19/2026 12:25:46,KYC status for User:(6606530), was changed to Rejected by h.neto.,h.neto
05/19/2026 12:25:45,Identity status for User:(6606530), was changed to Pending by h.neto.,h.neto
05/19/2026 12:25:45,KYC status for User:(6606530), was changed to Rejected by h.neto.,h.neto
05/19/2026 12:25:44,Identity status for User:(6606530), was changed to Pending by h.neto.,h.neto
05/19/2026 12:25:44,KYC status for User:(6606530), was changed to Rejected by h.neto.,h.neto
05/19/2026 12:25:44,KYC status for User:(6607183), was changed to Rejected by h.neto.,h.neto
05/19/2026 12:25:44,Identity status for User:(6607183), was changed to Pending by h.neto.,h.neto
05/19/2026 12:25:39,Identity status for User:(6607183), was changed to Pending by h.neto.,h.neto
05/19/2026 12:25:39,KYC status for User:(6607183), was changed to Rejected by h.neto.,h.neto
05/19/2026 12:25:38,KYC status for User:(6607183), was changed to Rejected by h.neto.,h.neto
05/19/2026 12:25:38,Identity status for User:(6607183), was changed to Pending by h.neto.,h.neto
05/19/2026 12:25:37,KYC status for User:(6606846), was changed to Rejected by h.neto.,h.neto
05/19/2026 12:25:37,Identity status for User:(6606846), was changed to Pending by h.neto.,h.neto
05/19/2026 12:25:37,KYC status for User:(6606846), was changed to Rejected by h.neto.,h.neto
05/19/2026 12:25:37,Identity status for User:(6606846), was changed to Pending by h.neto.,h.neto
05/19/2026 12:25:36,Identity status for User:(6606846), was changed to Pending by h.neto.,h.neto
05/19/2026 12:25:36,KYC status for User:(6606846), was changed to Rejected by h.neto.,h.neto
05/19/2026 12:25:23,Identity status for User:(6606988), was changed to Pending by h.neto.,h.neto
05/19/2026 12:25:23,KYC status for User:(6606988), was changed to Rejected by h.neto.,h.neto
05/19/2026 12:25:23,Identity status for User:(6606988), was changed to Pending by h.neto.,h.neto
05/19/2026 12:25:23,KYC status for User:(6606988), was changed to Rejected by h.neto.,h.neto
05/19/2026 12:25:14,Identity status for User:(6607183), was changed to Pending by h.neto.,h.neto
05/19/2026 12:25:14,KYC status for User:(6607183), was changed to Rejected by h.neto.,h.neto
05/19/2026 12:25:14,Identity status for User:(6607183), was changed to Pending by h.neto.,h.neto
05/19/2026 12:25:14,KYC status for User:(6607183), was changed to Rejected by h.neto.,h.neto
05/19/2026 12:25:13,KYC status for User:(6607183), was changed to Rejected by h.neto.,h.neto
05/19/2026 12:25:13,Identity status for User:(6607183), was changed to Pending by h.neto.,h.neto
05/19/2026 12:25:10,KYC status for User:(6607183), was changed to Rejected by h.neto.,h.neto
05/19/2026 12:25:10,Identity status for User:(6607183), was changed to Pending by h.neto.,h.neto
05/19/2026 12:19:39,KYC status for User:(6614392), was changed to Rejected by h.neto.,h.neto
05/19/2026 12:19:39,Identity status for User:(6614392), was changed to Pending by h.neto.,h.neto
05/19/2026 12:19:39,KYC status for User:(6614392), was changed to Rejected by h.neto.,h.neto
05/19/2026 12:19:39,Identity status for User:(6614392), was changed to Pending by h.neto.,h.neto
05/19/2026 12:19:39,Identity status for User:(6614392), was changed to Pending by h.neto.,h.neto
05/19/2026 12:19:39,KYC status for User:(6614392), was changed to Rejected by h.neto.,h.neto
05/19/2026 12:19:37,Identity status for User:(6614392), was changed to Pending by h.neto.,h.neto
05/19/2026 12:19:37,KYC status for User:(6614392), was changed to Rejected by h.neto.,h.neto
05/19/2026 12:19:37,Identity status for User:(6614392), was changed to Pending by h.neto.,h.neto
05/19/2026 12:19:37,KYC status for User:(6614392), was changed to Rejected by h.neto.,h.neto
05/19/2026 12:19:23,Identity status for User:(6614378), was changed to Approved by h.neto.,h.neto
05/19/2026 12:19:23,KYC status for User:(6614378), was changed to Approved by h.neto.,h.neto
05/19/2026 12:19:15,Player profile (244958405565 - 6614378) was modified.,h.neto,
05/19/2026 12:19:00,Identity status for User:(6614378), was changed to Approved by h.neto.,h.neto
05/19/2026 12:19:00,KYC status for User:(6614378), was changed to Approved by h.neto.,h.neto
05/19/2026 12:18:40,KYC status for User:(6606691), was changed to Approved by d.francisco.,d.francisco
05/19/2026 12:18:40,Identity status for User:(6606691), was changed to Approved by d.francisco.,d.francisco
05/19/2026 12:18:39,Identity status for User:(6614373), was changed to Pending by h.neto.,h.neto
05/19/2026 12:18:39,KYC status for User:(6614373), was changed to Rejected by h.neto.,h.neto
05/19/2026 12:18:38,Identity status for User:(6614373), was changed to Pending by h.neto.,h.neto
05/19/2026 12:18:38,KYC status for User:(6614373), was changed to Rejected by h.neto.,h.neto
05/19/2026 12:18:38,Identity status for User:(6614373), was changed to Pending by h.neto.,h.neto
05/19/2026 12:18:38,KYC status for User:(6614373), was changed to Rejected by h.neto.,h.neto
05/19/2026 12:18:38,Identity status for User:(6614373), was changed to Pending by h.neto.,h.neto
05/19/2026 12:18:38,KYC status for User:(6614373), was changed to Rejected by h.neto.,h.neto
05/19/2026 12:18:37,Identity status for User:(6614373), was changed to Pending by h.neto.,h.neto
05/19/2026 12:18:37,KYC status for User:(6614373), was changed to Rejected by h.neto.,h.neto
05/19/2026 12:18:36,Identity status for User:(6614373), was changed to Pending by h.neto.,h.neto
05/19/2026 12:18:36,KYC status for User:(6614373), was changed to Rejected by h.neto.,h.neto
05/19/2026 12:18:35,Identity status for User:(6614373), was changed to Pending by h.neto.,h.neto
05/19/2026 12:18:35,KYC status for User:(6614373), was changed to Rejected by h.neto.,h.neto
05/19/2026 12:18:28,Identity status for User:(6614341), was changed to Pending by h.neto.,h.neto
05/19/2026 12:18:28,KYC status for User:(6614341), was changed to Rejected by h.neto.,h.neto
05/19/2026 12:18:28,Identity status for User:(6614341), was changed to Pending by h.neto.,h.neto
05/19/2026 12:18:28,KYC status for User:(6614341), was changed to Rejected by h.neto.,h.neto
05/19/2026 12:18:28,KYC status for User:(6614341), was changed to Rejected by h.neto.,h.neto
05/19/2026 12:18:28,Identity status for User:(6614341), was changed to Pending by h.neto.,h.neto
05/19/2026 12:18:27,Identity status for User:(6614341), was changed to Pending by h.neto.,h.neto
05/19/2026 12:18:27,KYC status for User:(6614341), was changed to Rejected by h.neto.,h.neto
05/19/2026 12:18:27,KYC status for User:(6614341), was changed to Rejected by h.neto.,h.neto
05/19/2026 12:18:27,Identity status for User:(6614341), was changed to Pending by h.neto.,h.neto
05/19/2026 12:18:26,Identity status for User:(6614341), was changed to Pending by h.neto.,h.neto
05/19/2026 12:18:26,KYC status for User:(6614341), was changed to Rejected by h.neto.,h.neto
05/19/2026 12:18:26,Identity status for User:(6614341), was changed to Pending by h.neto.,h.neto
05/19/2026 12:18:26,KYC status for User:(6614341), was changed to Rejected by h.neto.,h.neto
05/19/2026 12:18:17,Player profile (244958652867 - 6606691) was modified.,d.francisco,
05/19/2026 12:18:13,Identity status for User:(6614339), was changed to Approved by h.neto.,h.neto
05/19/2026 12:18:13,KYC status for User:(6614339), was changed to Approved by h.neto.,h.neto
05/19/2026 12:18:07,Player profile (244928871320 - 6614339) was modified.,h.neto,
05/19/2026 12:17:51,Identity status for User:(6614339), was changed to Approved by h.neto.,h.neto
05/19/2026 12:17:51,KYC status for User:(6614339), was changed to Approved by h.neto.,h.neto
05/19/2026 12:17:23,Identity status for User:(6614329), was changed to Approved by h.neto.,h.neto
05/19/2026 12:17:23,KYC status for User:(6614329), was changed to Approved by h.neto.,h.neto
05/19/2026 12:17:15,Identity status for User:(6614329), was changed to Approved by h.neto.,h.neto
05/19/2026 12:17:15,KYC status for User:(6614329), was changed to Approved by h.neto.,h.neto
05/19/2026 12:17:06,Player profile (244922274229 - 6614329) was modified.,h.neto,
05/19/2026 12:15:42,Identity status for User:(6614307), was changed to Pending by h.neto.,h.neto
05/19/2026 12:15:42,KYC status for User:(6614307), was changed to Rejected by h.neto.,h.neto
05/19/2026 12:15:42,Identity status for User:(6614307), was changed to Pending by h.neto.,h.neto
05/19/2026 12:15:42,KYC status for User:(6614307), was changed to Rejected by h.neto.,h.neto
05/19/2026 12:15:41,Identity status for User:(6614307), was changed to Pending by h.neto.,h.neto
05/19/2026 12:15:41,KYC status for User:(6614307), was changed to Rejected by h.neto.,h.neto
05/19/2026 12:15:41,Identity status for User:(6614307), was changed to Pending by h.neto.,h.neto
05/19/2026 12:15:41,KYC status for User:(6614307), was changed to Rejected by h.neto.,h.neto
05/19/2026 12:15:40,Identity status for User:(6614307), was changed to Pending by h.neto.,h.neto
05/19/2026 12:15:40,KYC status for User:(6614307), was changed to Rejected by h.neto.,h.neto
05/19/2026 12:15:36,Identity status for User:(6614299), was changed to Pending by h.neto.,h.neto
05/19/2026 12:15:36,KYC status for User:(6614299), was changed to Rejected by h.neto.,h.neto
05/19/2026 12:15:35,Identity status for User:(6614299), was changed to Pending by h.neto.,h.neto
05/19/2026 12:15:35,KYC status for User:(6614299), was changed to Rejected by h.neto.,h.neto
05/19/2026 12:15:35,KYC status for User:(6614299), was changed to Rejected by h.neto.,h.neto
05/19/2026 12:15:35,Identity status for User:(6614299), was changed to Pending by h.neto.,h.neto
05/19/2026 12:15:35,KYC status for User:(6614299), was changed to Rejected by h.neto.,h.neto
05/19/2026 12:15:35,Identity status for User:(6614299), was changed to Pending by h.neto.,h.neto
05/19/2026 12:15:35,Identity status for User:(6614299), was changed to Pending by h.neto.,h.neto
05/19/2026 12:15:35,KYC status for User:(6614299), was changed to Rejected by h.neto.,h.neto
05/19/2026 12:15:35,Identity status for User:(6614299), was changed to Pending by h.neto.,h.neto
05/19/2026 12:15:35,KYC status for User:(6614299), was changed to Rejected by h.neto.,h.neto
05/19/2026 12:15:23,Identity status for User:(6614295), was changed to Pending by h.neto.,h.neto
05/19/2026 12:15:23,KYC status for User:(6614295), was changed to Rejected by h.neto.,h.neto
05/19/2026 12:15:23,KYC status for User:(6614295), was changed to Rejected by h.neto.,h.neto
05/19/2026 12:15:23,Identity status for User:(6614295), was changed to Pending by h.neto.,h.neto
05/19/2026 12:15:23,Identity status for User:(6614295), was changed to Pending by h.neto.,h.neto
05/19/2026 12:15:23,KYC status for User:(6614295), was changed to Rejected by h.neto.,h.neto
05/19/2026 12:15:22,Identity status for User:(6614295), was changed to Pending by h.neto.,h.neto
05/19/2026 12:15:22,KYC status for User:(6614295), was changed to Rejected by h.neto.,h.neto
05/19/2026 12:15:22,Identity status for User:(6614295), was changed to Pending by h.neto.,h.neto
05/19/2026 12:15:22,KYC status for User:(6614295), was changed to Rejected by h.neto.,h.neto
05/19/2026 12:15:22,Identity status for User:(6614295), was changed to Pending by h.neto.,h.neto
05/19/2026 12:15:22,KYC status for User:(6614295), was changed to Rejected by h.neto.,h.neto
05/19/2026 12:15:14,Identity status for User:(6614292), was changed to Pending by h.neto.,h.neto
05/19/2026 12:15:14,KYC status for User:(6614292), was changed to Rejected by h.neto.,h.neto
05/19/2026 12:15:14,Identity status for User:(6614292), was changed to Pending by h.neto.,h.neto
05/19/2026 12:15:14,KYC status for User:(6614292), was changed to Rejected by h.neto.,h.neto
05/19/2026 12:15:13,Identity status for User:(6614292), was changed to Pending by h.neto.,h.neto
05/19/2026 12:15:13,KYC status for User:(6614292), was changed to Rejected by h.neto.,h.neto
05/19/2026 12:15:13,Identity status for User:(6614292), was changed to Pending by h.neto.,h.neto
05/19/2026 12:15:13,KYC status for User:(6614292), was changed to Rejected by h.neto.,h.neto
05/19/2026 12:15:12,Identity status for User:(6614292), was changed to Pending by h.neto.,h.neto
05/19/2026 12:15:12,KYC status for User:(6614292), was changed to Rejected by h.neto.,h.neto
05/19/2026 12:15:12,Identity status for User:(6614292), was changed to Pending by h.neto.,h.neto
05/19/2026 12:15:12,KYC status for User:(6614292), was changed to Rejected by h.neto.,h.neto
05/19/2026 12:15:04,Identity status for User:(6614239), was changed to Pending by h.neto.,h.neto
05/19/2026 12:15:04,KYC status for User:(6614239), was changed to Rejected by h.neto.,h.neto
05/19/2026 12:15:04,KYC status for User:(6614239), was changed to Rejected by h.neto.,h.neto
05/19/2026 12:15:04,Identity status for User:(6614239), was changed to Pending by h.neto.,h.neto
05/19/2026 12:15:03,Identity status for User:(6614239), was changed to Pending by h.neto.,h.neto
05/19/2026 12:15:03,KYC status for User:(6614239), was changed to Rejected by h.neto.,h.neto
05/19/2026 12:15:03,Identity status for User:(6614239), was changed to Pending by h.neto.,h.neto
05/19/2026 12:15:03,KYC status for User:(6614239), was changed to Rejected by h.neto.,h.neto
05/19/2026 12:15:03,Identity status for User:(6614239), was changed to Pending by h.neto.,h.neto
05/19/2026 12:15:03,KYC status for User:(6614239), was changed to Rejected by h.neto.,h.neto
05/19/2026 12:15:03,Identity status for User:(6614239), was changed to Pending by h.neto.,h.neto
05/19/2026 12:15:03,KYC status for User:(6614239), was changed to Rejected by h.neto.,h.neto
05/19/2026 12:14:55,Identity status for User:(6614225), was changed to Pending by h.neto.,h.neto
05/19/2026 12:14:55,KYC status for User:(6614225), was changed to Rejected by h.neto.,h.neto
05/19/2026 12:14:55,Identity status for User:(6614225), was changed to Pending by h.neto.,h.neto
05/19/2026 12:14:55,KYC status for User:(6614225), was changed to Rejected by h.neto.,h.neto
05/19/2026 12:14:54,Identity status for User:(6614225), was changed to Pending by h.neto.,h.neto
05/19/2026 12:14:54,KYC status for User:(6614225), was changed to Rejected by h.neto.,h.neto
05/19/2026 12:14:54,Identity status for User:(6614225), was changed to Pending by h.neto.,h.neto
05/19/2026 12:14:54,KYC status for User:(6614225), was changed to Rejected by h.neto.,h.neto
05/19/2026 12:14:54,Identity status for User:(6614225), was changed to Pending by h.neto.,h.neto
05/19/2026 12:14:54,KYC status for User:(6614225), was changed to Rejected by h.neto.,h.neto
05/19/2026 12:14:54,Identity status for User:(6614225), was changed to Pending by h.neto.,h.neto
05/19/2026 12:14:54,KYC status for User:(6614225), was changed to Rejected by h.neto.,h.neto
05/19/2026 12:14:53,Identity status for User:(6614225), was changed to Pending by h.neto.,h.neto
05/19/2026 12:14:53,KYC status for User:(6614225), was changed to Rejected by h.neto.,h.neto
05/19/2026 12:14:45,Identity status for User:(6614224), was changed to Approved by h.neto.,h.neto
05/19/2026 12:14:45,KYC status for User:(6614224), was changed to Approved by h.neto.,h.neto
05/19/2026 12:14:39,Player profile (244975142844 - 6614224) was modified.,h.neto,
05/19/2026 12:14:18,Identity status for User:(6614224), was changed to Approved by h.neto.,h.neto
05/19/2026 12:14:18,KYC status for User:(6614224), was changed to Approved by h.neto.,h.neto
05/19/2026 12:13:52,Identity status for User:(6614222), was changed to Pending by h.neto.,h.neto
05/19/2026 12:13:52,KYC status for User:(6614222), was changed to Rejected by h.neto.,h.neto
05/19/2026 12:13:52,Identity status for User:(6614222), was changed to Pending by h.neto.,h.neto
05/19/2026 12:13:52,KYC status for User:(6614222), was changed to Rejected by h.neto.,h.neto
05/19/2026 12:13:52,Identity status for User:(6614222), was changed to Pending by h.neto.,h.neto
05/19/2026 12:13:52,KYC status for User:(6614222), was changed to Rejected by h.neto.,h.neto
05/19/2026 12:13:51,Identity status for User:(6614222), was changed to Pending by h.neto.,h.neto
05/19/2026 12:13:51,KYC status for User:(6614222), was changed to Rejected by h.neto.,h.neto
05/19/2026 12:13:51,KYC status for User:(6614222), was changed to Rejected by h.neto.,h.neto
05/19/2026 12:13:51,Identity status for User:(6614222), was changed to Pending by h.neto.,h.neto
05/19/2026 12:13:51,Identity status for User:(6614222), was changed to Pending by h.neto.,h.neto
05/19/2026 12:13:51,KYC status for User:(6614222), was changed to Rejected by h.neto.,h.neto
05/19/2026 12:13:44,Identity status for User:(6613812), was changed to Pending by h.neto.,h.neto
05/19/2026 12:13:44,KYC status for User:(6613812), was changed to Rejected by h.neto.,h.neto
05/19/2026 12:13:44,Identity status for User:(6613812), was changed to Pending by h.neto.,h.neto
05/19/2026 12:13:44,KYC status for User:(6613812), was changed to Rejected by h.neto.,h.neto
05/19/2026 12:13:44,Identity status for User:(6613812), was changed to Pending by h.neto.,h.neto
05/19/2026 12:13:44,KYC status for User:(6613812), was changed to Rejected by h.neto.,h.neto
05/19/2026 12:13:43,Identity status for User:(6613812), was changed to Pending by h.neto.,h.neto
05/19/2026 12:13:43,KYC status for User:(6613812), was changed to Rejected by h.neto.,h.neto
05/19/2026 12:13:43,Identity status for User:(6613812), was changed to Pending by h.neto.,h.neto
05/19/2026 12:13:43,KYC status for User:(6613812), was changed to Rejected by h.neto.,h.neto
05/19/2026 12:13:43,Identity status for User:(6613812), was changed to Pending by h.neto.,h.neto
05/19/2026 12:13:43,KYC status for User:(6613812), was changed to Rejected by h.neto.,h.neto
05/19/2026 12:13:42,Identity status for User:(6613812), was changed to Pending by h.neto.,h.neto
05/19/2026 12:13:42,KYC status for User:(6613812), was changed to Rejected by h.neto.,h.neto
05/19/2026 12:13:35,Identity status for User:(6614218), was changed to Pending by h.neto.,h.neto
05/19/2026 12:13:35,KYC status for User:(6614218), was changed to Rejected by h.neto.,h.neto
05/19/2026 12:13:35,Identity status for User:(6614218), was changed to Pending by h.neto.,h.neto
05/19/2026 12:13:35,KYC status for User:(6614218), was changed to Rejected by h.neto.,h.neto
05/19/2026 12:13:35,KYC status for User:(6614218), was changed to Rejected by h.neto.,h.neto
05/19/2026 12:13:35,Identity status for User:(6614218), was changed to Pending by h.neto.,h.neto
05/19/2026 12:13:35,Identity status for User:(6614218), was changed to Pending by h.neto.,h.neto
05/19/2026 12:13:35,KYC status for User:(6614218), was changed to Rejected by h.neto.,h.neto
05/19/2026 12:13:35,Identity status for User:(6614218), was changed to Pending by h.neto.,h.neto
05/19/2026 12:13:35,KYC status for User:(6614218), was changed to Rejected by h.neto.,h.neto
05/19/2026 12:13:34,KYC status for User:(6614218), was changed to Rejected by h.neto.,h.neto
05/19/2026 12:13:34,Identity status for User:(6614218), was changed to Pending by h.neto.,h.neto
05/19/2026 12:13:33,Identity status for User:(6614218), was changed to Pending by h.neto.,h.neto
05/19/2026 12:13:33,KYC status for User:(6614218), was changed to Rejected by h.neto.,h.neto
05/19/2026 12:13:20,Identity status for User:(6613804), was changed to Pending by h.neto.,h.neto
05/19/2026 12:13:20,KYC status for User:(6613804), was changed to Rejected by h.neto.,h.neto
05/19/2026 12:13:20,Identity status for User:(6613804), was changed to Pending by h.neto.,h.neto
05/19/2026 12:13:20,KYC status for User:(6613804), was changed to Rejected by h.neto.,h.neto
05/19/2026 12:13:20,Identity status for User:(6613804), was changed to Pending by h.neto.,h.neto
05/19/2026 12:13:20,KYC status for User:(6613804), was changed to Rejected by h.neto.,h.neto
05/19/2026 12:13:20,Identity status for User:(6613804), was changed to Pending by h.neto.,h.neto
05/19/2026 12:13:20,KYC status for User:(6613804), was changed to Rejected by h.neto.,h.neto
05/19/2026 12:13:19,Identity status for User:(6613804), was changed to Pending by h.neto.,h.neto
05/19/2026 12:13:19,KYC status for User:(6613804), was changed to Rejected by h.neto.,h.neto
05/19/2026 12:13:19,Identity status for User:(6613804), was changed to Pending by h.neto.,h.neto
05/19/2026 12:13:19,KYC status for User:(6613804), was changed to Rejected by h.neto.,h.neto
05/19/2026 12:13:19,Identity status for User:(6613804), was changed to Pending by h.neto.,h.neto
05/19/2026 12:13:19,KYC status for User:(6613804), was changed to Rejected by h.neto.,h.neto
05/19/2026 12:13:12,Identity status for User:(6613798), was changed to Pending by h.neto.,h.neto
05/19/2026 12:13:12,KYC status for User:(6613798), was changed to Rejected by h.neto.,h.neto
05/19/2026 12:13:12,Identity status for User:(6613798), was changed to Pending by h.neto.,h.neto
05/19/2026 12:13:12,KYC status for User:(6613798), was changed to Rejected by h.neto.,h.neto
05/19/2026 12:13:11,Identity status for User:(6613798), was changed to Pending by h.neto.,h.neto
05/19/2026 12:13:11,KYC status for User:(6613798), was changed to Rejected by h.neto.,h.neto
05/19/2026 12:13:11,KYC status for User:(6613798), was changed to Rejected by h.neto.,h.neto
05/19/2026 12:13:11,Identity status for User:(6613798), was changed to Pending by h.neto.,h.neto
05/19/2026 12:13:10,KYC status for User:(6613798), was changed to Rejected by h.neto.,h.neto
05/19/2026 12:13:10,Identity status for User:(6613798), was changed to Pending by h.neto.,h.neto
05/19/2026 12:13:10,KYC status for User:(6613798), was changed to Rejected by h.neto.,h.neto
05/19/2026 12:13:10,Identity status for User:(6613798), was changed to Pending by h.neto.,h.neto
05/19/2026 12:13:10,KYC status for User:(6613798), was changed to Rejected by h.neto.,h.neto
05/19/2026 12:13:10,Identity status for User:(6613798), was changed to Pending by h.neto.,h.neto
05/19/2026 12:12:50,Player profile (244948556808 - 6613533) was modified.,h.neto,
05/19/2026 12:12:36,KYC status for User:(6613533), was changed to Approved by h.neto.,h.neto
05/19/2026 12:12:36,Identity status for User:(6613533), was changed to Approved by h.neto.,h.neto
05/19/2026 12:12:15,Identity status for User:(6613378), was changed to Pending by h.neto.,h.neto
05/19/2026 12:12:15,KYC status for User:(6613378), was changed to Rejected by h.neto.,h.neto
05/19/2026 12:12:15,Identity status for User:(6613378), was changed to Pending by h.neto.,h.neto
05/19/2026 12:12:15,KYC status for User:(6613378), was changed to Rejected by h.neto.,h.neto
05/19/2026 12:12:15,Identity status for User:(6613378), was changed to Pending by h.neto.,h.neto
05/19/2026 12:12:15,KYC status for User:(6613378), was changed to Rejected by h.neto.,h.neto
05/19/2026 12:12:15,KYC status for User:(6613378), was changed to Rejected by h.neto.,h.neto
05/19/2026 12:12:15,Identity status for User:(6613378), was changed to Pending by h.neto.,h.neto
05/19/2026 12:12:14,Identity status for User:(6613378), was changed to Pending by h.neto.,h.neto
05/19/2026 12:12:14,KYC status for User:(6613378), was changed to Rejected by h.neto.,h.neto
05/19/2026 12:12:14,KYC status for User:(6613378), was changed to Rejected by h.neto.,h.neto
05/19/2026 12:12:14,Identity status for User:(6613378), was changed to Pending by h.neto.,h.neto
05/19/2026 12:12:03,Player profile (244955989491 - 6613318) was modified.,h.neto,
05/19/2026 12:11:52,Identity status for User:(6613318), was changed to Approved by h.neto.,h.neto
05/19/2026 12:11:52,KYC status for User:(6613318), was changed to Approved by h.neto.,h.neto
05/19/2026 12:11:31,Player profile (244955308000 - 6613065) was modified.,h.neto,
05/19/2026 12:11:18,Identity status for User:(6613065), was changed to Approved by h.neto.,h.neto
05/19/2026 12:11:18,KYC status for User:(6613065), was changed to Approved by h.neto.,h.neto
05/19/2026 12:10:55,KYC status for User:(6612833), was changed to Rejected by h.neto.,h.neto
05/19/2026 12:10:55,Identity status for User:(6612833), was changed to Pending by h.neto.,h.neto
05/19/2026 12:10:55,Identity status for User:(6612833), was changed to Pending by h.neto.,h.neto
05/19/2026 12:10:55,KYC status for User:(6612833), was changed to Rejected by h.neto.,h.neto
05/19/2026 12:10:55,Identity status for User:(6612833), was changed to Pending by h.neto.,h.neto
05/19/2026 12:10:55,KYC status for User:(6612833), was changed to Rejected by h.neto.,h.neto
05/19/2026 12:10:55,Identity status for User:(6612833), was changed to Pending by h.neto.,h.neto
05/19/2026 12:10:55,KYC status for User:(6612833), was changed to Rejected by h.neto.,h.neto
05/19/2026 12:10:54,Identity status for User:(6612833), was changed to Pending by h.neto.,h.neto
05/19/2026 12:10:54,KYC status for User:(6612833), was changed to Rejected by h.neto.,h.neto
05/19/2026 12:10:54,Identity status for User:(6612833), was changed to Pending by h.neto.,h.neto
05/19/2026 12:10:54,KYC status for User:(6612833), was changed to Rejected by h.neto.,h.neto
05/19/2026 12:10:54,Identity status for User:(6612833), was changed to Pending by h.neto.,h.neto
05/19/2026 12:10:54,KYC status for User:(6612833), was changed to Rejected by h.neto.,h.neto
05/19/2026 12:10:46,Identity status for User:(6612668), was changed to Pending by h.neto.,h.neto
05/19/2026 12:10:46,KYC status for User:(6612668), was changed to Rejected by h.neto.,h.neto
05/19/2026 12:10:45,Identity status for User:(6612668), was changed to Pending by h.neto.,h.neto
05/19/2026 12:10:45,KYC status for User:(6612668), was changed to Rejected by h.neto.,h.neto
05/19/2026 12:10:45,KYC status for User:(6612668), was changed to Rejected by h.neto.,h.neto
05/19/2026 12:10:45,Identity status for User:(6612668), was changed to Pending by h.neto.,h.neto
05/19/2026 12:10:45,Identity status for User:(6612668), was changed to Pending by h.neto.,h.neto
05/19/2026 12:10:45,KYC status for User:(6612668), was changed to Rejected by h.neto.,h.neto
05/19/2026 12:10:44,Identity status for User:(6612668), was changed to Pending by h.neto.,h.neto
05/19/2026 12:10:44,KYC status for User:(6612668), was changed to Rejected by h.neto.,h.neto
05/19/2026 12:10:44,Identity status for User:(6612668), was changed to Pending by h.neto.,h.neto
05/19/2026 12:10:44,KYC status for User:(6612668), was changed to Rejected by h.neto.,h.neto
05/19/2026 12:10:37,Player profile (244922017394 - 6612585) was modified.,h.neto,
05/19/2026 12:10:21,Identity status for User:(6612585), was changed to Approved by h.neto.,h.neto
05/19/2026 12:10:21,KYC status for User:(6612585), was changed to Approved by h.neto.,h.neto
05/19/2026 12:06:17,Identity status for User:(6076007), was changed to Approved by h.neto.,h.neto
05/19/2026 12:06:17,KYC status for User:(6076007), was changed to Approved by h.neto.,h.neto
05/19/2026 12:06:14,Identity status for User:(6076007), was changed to Approved by h.neto.,h.neto
05/19/2026 12:06:14,KYC status for User:(6076007), was changed to Approved by h.neto.,h.neto
05/19/2026 12:04:54,Player profile (244945669051 - 6034747) was modified.,h.neto,
05/19/2026 12:04:34,Identity status for User:(6034747), was changed to Approved by h.neto.,h.neto
05/19/2026 12:04:34,KYC status for User:(6034747), was changed to Approved by h.neto.,h.neto
05/19/2026 12:04:15,Identity status for User:(6073272), was changed to Approved by h.neto.,h.neto
05/19/2026 12:04:15,KYC status for User:(6073272), was changed to Approved by h.neto.,h.neto
05/19/2026 12:04:06,Player profile (244955504466 - 6073272) was modified.,h.neto,
05/19/2026 12:03:52,Identity status for User:(6073272), was changed to Approved by h.neto.,h.neto
05/19/2026 12:03:52,KYC status for User:(6073272), was changed to Approved by h.neto.,h.neto
05/19/2026 12:03:29,Identity status for User:(6076007), was changed to Pending by h.neto.,h.neto
05/19/2026 12:03:29,KYC status for User:(6076007), was changed to Rejected by h.neto.,h.neto
05/19/2026 12:03:29,Identity status for User:(6076007), was changed to Pending by h.neto.,h.neto
05/19/2026 12:03:29,KYC status for User:(6076007), was changed to Rejected by h.neto.,h.neto
05/19/2026 12:03:29,Identity status for User:(6076007), was changed to Pending by h.neto.,h.neto
05/19/2026 12:03:29,KYC status for User:(6076007), was changed to Rejected by h.neto.,h.neto
05/19/2026 12:03:29,Identity status for User:(6076007), was changed to Pending by h.neto.,h.neto
05/19/2026 12:03:29,KYC status for User:(6076007), was changed to Rejected by h.neto.,h.neto
05/19/2026 12:03:28,Identity status for User:(6076007), was changed to Pending by h.neto.,h.neto
05/19/2026 12:03:28,KYC status for User:(6076007), was changed to Rejected by h.neto.,h.neto
05/19/2026 12:03:28,Identity status for User:(6076007), was changed to Pending by h.neto.,h.neto
05/19/2026 12:03:28,KYC status for User:(6076007), was changed to Rejected by h.neto.,h.neto
05/19/2026 12:03:16,Identity status for User:(6203410), was changed to Pending by h.neto.,h.neto
05/19/2026 12:03:16,KYC status for User:(6203410), was changed to Rejected by h.neto.,h.neto
05/19/2026 12:03:15,Identity status for User:(6203410), was changed to Pending by h.neto.,h.neto
05/19/2026 12:03:15,KYC status for User:(6203410), was changed to Rejected by h.neto.,h.neto
05/19/2026 12:03:15,Identity status for User:(6203410), was changed to Pending by h.neto.,h.neto
05/19/2026 12:03:15,KYC status for User:(6203410), was changed to Rejected by h.neto.,h.neto
05/19/2026 12:03:15,Identity status for User:(6203410), was changed to Pending by h.neto.,h.neto
05/19/2026 12:03:15,KYC status for User:(6203410), was changed to Rejected by h.neto.,h.neto
05/19/2026 12:03:15,Identity status for User:(6203410), was changed to Pending by h.neto.,h.neto
05/19/2026 12:03:15,KYC status for User:(6203410), was changed to Rejected by h.neto.,h.neto
05/19/2026 12:02:58,Identity status for User:(6204302), was changed to Pending by h.neto.,h.neto
05/19/2026 12:02:58,KYC status for User:(6204302), was changed to Rejected by h.neto.,h.neto
05/19/2026 12:02:57,Identity status for User:(6204302), was changed to Pending by h.neto.,h.neto
05/19/2026 12:02:57,KYC status for User:(6204302), was changed to Rejected by h.neto.,h.neto
05/19/2026 12:02:56,Identity status for User:(6204302), was changed to Pending by h.neto.,h.neto
05/19/2026 12:02:56,KYC status for User:(6204302), was changed to Rejected by h.neto.,h.neto
05/19/2026 12:02:56,Identity status for User:(6204302), was changed to Pending by h.neto.,h.neto
05/19/2026 12:02:56,KYC status for User:(6204302), was changed to Rejected by h.neto.,h.neto
05/19/2026 12:02:56,Identity status for User:(6204302), was changed to Pending by h.neto.,h.neto
05/19/2026 12:02:56,KYC status for User:(6204302), was changed to Rejected by h.neto.,h.neto
05/19/2026 12:02:56,Identity status for User:(6204302), was changed to Pending by h.neto.,h.neto
05/19/2026 12:02:56,KYC status for User:(6204302), was changed to Rejected by h.neto.,h.neto
05/19/2026 12:02:47,Identity status for User:(6267634), was changed to Pending by h.neto.,h.neto
05/19/2026 12:02:47,KYC status for User:(6267634), was changed to Rejected by h.neto.,h.neto
05/19/2026 12:02:47,Identity status for User:(6267634), was changed to Pending by h.neto.,h.neto
05/19/2026 12:02:47,KYC status for User:(6267634), was changed to Rejected by h.neto.,h.neto
05/19/2026 12:02:46,KYC status for User:(6267634), was changed to Rejected by h.neto.,h.neto
05/19/2026 12:02:46,Identity status for User:(6267634), was changed to Pending by h.neto.,h.neto
05/19/2026 12:02:46,Identity status for User:(6267634), was changed to Pending by h.neto.,h.neto
05/19/2026 12:02:46,KYC status for User:(6267634), was changed to Rejected by h.neto.,h.neto
05/19/2026 12:02:46,Identity status for User:(6267634), was changed to Pending by h.neto.,h.neto
05/19/2026 12:02:46,KYC status for User:(6267634), was changed to Rejected by h.neto.,h.neto
05/19/2026 12:02:45,KYC status for User:(6267634), was changed to Rejected by h.neto.,h.neto
05/19/2026 12:02:45,Identity status for User:(6267634), was changed to Pending by h.neto.,h.neto
05/19/2026 12:02:44,Identity status for User:(6267634), was changed to Pending by h.neto.,h.neto
05/19/2026 12:02:44,KYC status for User:(6267634), was changed to Rejected by h.neto.,h.neto
05/19/2026 12:02:38,Identity status for User:(6230908), was changed to Pending by h.neto.,h.neto
05/19/2026 12:02:38,KYC status for User:(6230908), was changed to Rejected by h.neto.,h.neto
05/19/2026 12:02:37,KYC status for User:(6230908), was changed to Rejected by h.neto.,h.neto
05/19/2026 12:02:37,Identity status for User:(6230908), was changed to Pending by h.neto.,h.neto
05/19/2026 12:02:37,Identity status for User:(6230908), was changed to Pending by h.neto.,h.neto
05/19/2026 12:02:37,KYC status for User:(6230908), was changed to Rejected by h.neto.,h.neto
05/19/2026 12:02:36,Identity status for User:(6230908), was changed to Pending by h.neto.,h.neto
05/19/2026 12:02:36,KYC status for User:(6230908), was changed to Rejected by h.neto.,h.neto
05/19/2026 12:02:36,KYC status for User:(6230908), was changed to Rejected by h.neto.,h.neto
05/19/2026 12:02:36,Identity status for User:(6230908), was changed to Pending by h.neto.,h.neto
05/19/2026 12:02:36,Identity status for User:(6230908), was changed to Pending by h.neto.,h.neto
05/19/2026 12:02:36,KYC status for User:(6230908), was changed to Rejected by h.neto.,h.neto
05/19/2026 12:02:35,Identity status for User:(6230908), was changed to Pending by h.neto.,h.neto
05/19/2026 12:02:35,KYC status for User:(6230908), was changed to Rejected by h.neto.,h.neto
05/19/2026 12:02:26,Identity status for User:(6354009), was changed to Pending by h.neto.,h.neto
05/19/2026 12:02:26,KYC status for User:(6354009), was changed to Rejected by h.neto.,h.neto
05/19/2026 12:02:25,Identity status for User:(6354009), was changed to Pending by h.neto.,h.neto
05/19/2026 12:02:25,KYC status for User:(6354009), was changed to Rejected by h.neto.,h.neto
05/19/2026 12:02:24,KYC status for User:(6354009), was changed to Rejected by h.neto.,h.neto
05/19/2026 12:02:24,Identity status for User:(6354009), was changed to Pending by h.neto.,h.neto
05/19/2026 12:02:24,KYC status for User:(6354009), was changed to Rejected by h.neto.,h.neto
05/19/2026 12:02:24,Identity status for User:(6354009), was changed to Pending by h.neto.,h.neto
05/19/2026 12:02:24,Identity status for User:(6354009), was changed to Pending by h.neto.,h.neto
05/19/2026 12:02:24,KYC status for User:(6354009), was changed to Rejected by h.neto.,h.neto
05/19/2026 12:02:24,KYC status for User:(6354009), was changed to Rejected by h.neto.,h.neto
05/19/2026 12:02:24,Identity status for User:(6354009), was changed to Pending by h.neto.,h.neto
05/19/2026 12:02:13,KYC status for User:(6400569), was changed to Rejected by h.neto.,h.neto
05/19/2026 12:02:13,Identity status for User:(6400569), was changed to Pending by h.neto.,h.neto
05/19/2026 12:02:12,Identity status for User:(6400569), was changed to Pending by h.neto.,h.neto
05/19/2026 12:02:12,KYC status for User:(6400569), was changed to Rejected by h.neto.,h.neto
05/19/2026 12:02:12,Identity status for User:(6400569), was changed to Pending by h.neto.,h.neto
05/19/2026 12:02:12,KYC status for User:(6400569), was changed to Rejected by h.neto.,h.neto
05/19/2026 12:02:11,Identity status for User:(6400569), was changed to Pending by h.neto.,h.neto
05/19/2026 12:02:11,KYC status for User:(6400569), was changed to Rejected by h.neto.,h.neto
05/19/2026 12:02:11,Identity status for User:(6400569), was changed to Pending by h.neto.,h.neto
05/19/2026 12:02:11,KYC status for User:(6400569), was changed to Rejected by h.neto.,h.neto
05/19/2026 12:02:11,Identity status for User:(6400569), was changed to Pending by h.neto.,h.neto
05/19/2026 12:02:11,KYC status for User:(6400569), was changed to Rejected by h.neto.,h.neto
05/19/2026 12:02:10,Identity status for User:(6400569), was changed to Pending by h.neto.,h.neto
05/19/2026 12:02:10,KYC status for User:(6400569), was changed to Rejected by h.neto.,h.neto
05/19/2026 12:02:02,Identity status for User:(6439671), was changed to Pending by h.neto.,h.neto
05/19/2026 12:02:02,KYC status for User:(6439671), was changed to Rejected by h.neto.,h.neto
05/19/2026 12:02:01,KYC status for User:(6439671), was changed to Rejected by h.neto.,h.neto
05/19/2026 12:02:01,Identity status for User:(6439671), was changed to Pending by h.neto.,h.neto
05/19/2026 12:02:01,Identity status for User:(6439671), was changed to Pending by h.neto.,h.neto
05/19/2026 12:02:01,KYC status for User:(6439671), was changed to Rejected by h.neto.,h.neto
05/19/2026 12:02:01,Identity status for User:(6439671), was changed to Pending by h.neto.,h.neto
05/19/2026 12:02:01,KYC status for User:(6439671), was changed to Rejected by h.neto.,h.neto
05/19/2026 12:02:01,Identity status for User:(6439671), was changed to Pending by h.neto.,h.neto
05/19/2026 12:02:01,KYC status for User:(6439671), was changed to Rejected by h.neto.,h.neto
05/19/2026 12:02:00,Identity status for User:(6439671), was changed to Pending by h.neto.,h.neto
05/19/2026 12:02:00,KYC status for User:(6439671), was changed to Rejected by h.neto.,h.neto
05/19/2026 12:02:00,Identity status for User:(6439671), was changed to Pending by h.neto.,h.neto
05/19/2026 12:02:00,KYC status for User:(6439671), was changed to Rejected by h.neto.,h.neto
05/19/2026 12:01:54,KYC status for User:(6441795), was changed to Approved by h.neto.,h.neto
05/19/2026 12:01:54,Identity status for User:(6441795), was changed to Approved by h.neto.,h.neto
05/19/2026 12:01:48,Player profile (244955767328 - 6441795) was modified.,h.neto,
05/19/2026 12:01:27,Identity status for User:(6441795), was changed to Approved by h.neto.,h.neto
05/19/2026 12:01:27,KYC status for User:(6441795), was changed to Approved by h.neto.,h.neto
05/19/2026 12:00:43,Identity status for User:(6456107), was changed to Pending by h.neto.,h.neto
05/19/2026 12:00:43,KYC status for User:(6456107), was changed to Rejected by h.neto.,h.neto
05/19/2026 12:00:43,Identity status for User:(6456107), was changed to Pending by h.neto.,h.neto
05/19/2026 12:00:43,KYC status for User:(6456107), was changed to Rejected by h.neto.,h.neto
05/19/2026 12:00:43,Identity status for User:(6456107), was changed to Pending by h.neto.,h.neto
05/19/2026 12:00:43,KYC status for User:(6456107), was changed to Rejected by h.neto.,h.neto
05/19/2026 12:00:43,Identity status for User:(6456107), was changed to Pending by h.neto.,h.neto
05/19/2026 12:00:43,KYC status for User:(6456107), was changed to Rejected by h.neto.,h.neto
05/19/2026 12:00:43,Identity status for User:(6456107), was changed to Pending by h.neto.,h.neto
05/19/2026 12:00:43,KYC status for User:(6456107), was changed to Rejected by h.neto.,h.neto
05/19/2026 12:00:40,Identity status for User:(6456107), was changed to Pending by h.neto.,h.neto
05/19/2026 12:00:40,KYC status for User:(6456107), was changed to Rejected by h.neto.,h.neto
05/19/2026 12:00:32,Identity status for User:(6520818), was changed to Pending by h.neto.,h.neto
05/19/2026 12:00:32,KYC status for User:(6520818), was changed to Rejected by h.neto.,h.neto
05/19/2026 12:00:32,KYC status for User:(6520818), was changed to Rejected by h.neto.,h.neto
05/19/2026 12:00:32,Identity status for User:(6520818), was changed to Pending by h.neto.,h.neto
05/19/2026 12:00:32,Identity status for User:(6520818), was changed to Pending by h.neto.,h.neto
05/19/2026 12:00:32,KYC status for User:(6520818), was changed to Rejected by h.neto.,h.neto
05/19/2026 12:00:32,Identity status for User:(6520818), was changed to Pending by h.neto.,h.neto
05/19/2026 12:00:32,KYC status for User:(6520818), was changed to Rejected by h.neto.,h.neto
05/19/2026 12:00:31,KYC status for User:(6520818), was changed to Rejected by h.neto.,h.neto
05/19/2026 12:00:31,Identity status for User:(6520818), was changed to Pending by h.neto.,h.neto
05/19/2026 12:00:31,KYC status for User:(6520818), was changed to Rejected by h.neto.,h.neto
05/19/2026 12:00:31,Identity status for User:(6520818), was changed to Pending by h.neto.,h.neto
05/19/2026 12:00:31,Identity status for User:(6520818), was changed to Pending by h.neto.,h.neto
05/19/2026 12:00:31,KYC status for User:(6520818), was changed to Rejected by h.neto.,h.neto
05/19/2026 11:59:57,Identity status for User:(6528465), was changed to Pending by h.neto.,h.neto
05/19/2026 11:59:57,KYC status for User:(6528465), was changed to Rejected by h.neto.,h.neto
05/19/2026 11:59:53,Identity status for User:(6554818), was changed to Pending by h.neto.,h.neto
05/19/2026 11:59:53,KYC status for User:(6554818), was changed to Rejected by h.neto.,h.neto
05/19/2026 11:59:53,KYC status for User:(6554818), was changed to Rejected by h.neto.,h.neto
05/19/2026 11:59:53,Identity status for User:(6554818), was changed to Pending by h.neto.,h.neto
05/19/2026 11:59:49,Identity status for User:(6554818), was changed to Pending by h.neto.,h.neto
05/19/2026 11:59:49,KYC status for User:(6554818), was changed to Rejected by h.neto.,h.neto
05/19/2026 11:59:48,Identity status for User:(6554818), was changed to Pending by h.neto.,h.neto
05/19/2026 11:59:48,KYC status for User:(6554818), was changed to Rejected by h.neto.,h.neto
05/19/2026 11:59:48,Identity status for User:(6554818), was changed to Pending by h.neto.,h.neto
05/19/2026 11:59:48,KYC status for User:(6554818), was changed to Rejected by h.neto.,h.neto
05/19/2026 11:59:47,Identity status for User:(6554818), was changed to Pending by h.neto.,h.neto
05/19/2026 11:59:47,KYC status for User:(6554818), was changed to Rejected by h.neto.,h.neto
05/19/2026 11:59:40,Identity status for User:(6560199), was changed to Pending by h.neto.,h.neto
05/19/2026 11:59:40,KYC status for User:(6560199), was changed to Rejected by h.neto.,h.neto
05/19/2026 11:59:40,Identity status for User:(6560199), was changed to Pending by h.neto.,h.neto
05/19/2026 11:59:40,KYC status for User:(6560199), was changed to Rejected by h.neto.,h.neto
05/19/2026 11:59:40,Identity status for User:(6560199), was changed to Pending by h.neto.,h.neto
05/19/2026 11:59:40,KYC status for User:(6560199), was changed to Rejected by h.neto.,h.neto
05/19/2026 11:59:39,Identity status for User:(6560199), was changed to Pending by h.neto.,h.neto
05/19/2026 11:59:39,KYC status for User:(6560199), was changed to Rejected by h.neto.,h.neto
05/19/2026 11:59:39,Identity status for User:(6560199), was changed to Pending by h.neto.,h.neto
05/19/2026 11:59:39,KYC status for User:(6560199), was changed to Rejected by h.neto.,h.neto
05/19/2026 11:59:39,Identity status for User:(6560199), was changed to Pending by h.neto.,h.neto
05/19/2026 11:59:39,KYC status for User:(6560199), was changed to Rejected by h.neto.,h.neto
05/19/2026 11:59:39,Identity status for User:(6560199), was changed to Pending by h.neto.,h.neto
05/19/2026 11:59:39,KYC status for User:(6560199), was changed to Rejected by h.neto.,h.neto
05/19/2026 11:59:28,KYC status for User:(6561918), was changed to Rejected by h.neto.,h.neto
05/19/2026 11:59:28,Identity status for User:(6561918), was changed to Pending by h.neto.,h.neto
05/19/2026 11:59:28,Identity status for User:(6561918), was changed to Pending by h.neto.,h.neto
05/19/2026 11:59:28,KYC status for User:(6561918), was changed to Rejected by h.neto.,h.neto
05/19/2026 11:59:26,Identity status for User:(6561918), was changed to Pending by h.neto.,h.neto
05/19/2026 11:59:26,KYC status for User:(6561918), was changed to Rejected by h.neto.,h.neto
05/19/2026 11:59:26,Identity status for User:(6561918), was changed to Pending by h.neto.,h.neto
05/19/2026 11:59:26,KYC status for User:(6561918), was changed to Rejected by h.neto.,h.neto
05/19/2026 11:59:25,Identity status for User:(6561918), was changed to Pending by h.neto.,h.neto
05/19/2026 11:59:25,KYC status for User:(6561918), was changed to Rejected by h.neto.,h.neto
05/19/2026 11:59:25,KYC status for User:(6561918), was changed to Rejected by h.neto.,h.neto
05/19/2026 11:59:25,Identity status for User:(6561918), was changed to Pending by h.neto.,h.neto
05/19/2026 11:59:24,Identity status for User:(6561918), was changed to Pending by h.neto.,h.neto
05/19/2026 11:59:24,KYC status for User:(6561918), was changed to Rejected by h.neto.,h.neto
05/19/2026 11:59:18,Identity status for User:(6563419), was changed to Pending by h.neto.,h.neto
05/19/2026 11:59:18,KYC status for User:(6563419), was changed to Rejected by h.neto.,h.neto
05/19/2026 11:59:18,Identity status for User:(6563419), was changed to Pending by h.neto.,h.neto
05/19/2026 11:59:18,KYC status for User:(6563419), was changed to Rejected by h.neto.,h.neto
05/19/2026 11:59:17,KYC status for User:(6563419), was changed to Rejected by h.neto.,h.neto
05/19/2026 11:59:17,Identity status for User:(6563419), was changed to Pending by h.neto.,h.neto
05/19/2026 11:59:17,KYC status for User:(6563419), was changed to Rejected by h.neto.,h.neto
05/19/2026 11:59:17,Identity status for User:(6563419), was changed to Pending by h.neto.,h.neto
05/19/2026 11:59:16,KYC status for User:(6563419), was changed to Rejected by h.neto.,h.neto
05/19/2026 11:59:16,Identity status for User:(6563419), was changed to Pending by h.neto.,h.neto
05/19/2026 11:59:16,Identity status for User:(6563419), was changed to Pending by h.neto.,h.neto
05/19/2026 11:59:16,KYC status for User:(6563419), was changed to Rejected by h.neto.,h.neto
05/19/2026 11:59:15,Identity status for User:(6563419), was changed to Pending by h.neto.,h.neto
05/19/2026 11:59:15,KYC status for User:(6563419), was changed to Rejected by h.neto.,h.neto
05/19/2026 11:59:10,Identity status for User:(6563458), was changed to Pending by h.neto.,h.neto
05/19/2026 11:59:10,KYC status for User:(6563458), was changed to Rejected by h.neto.,h.neto
05/19/2026 11:59:09,Identity status for User:(6563458), was changed to Pending by h.neto.,h.neto
05/19/2026 11:59:09,KYC status for User:(6563458), was changed to Rejected by h.neto.,h.neto
05/19/2026 11:59:09,Identity status for User:(6563458), was changed to Pending by h.neto.,h.neto
05/19/2026 11:59:09,KYC status for User:(6563458), was changed to Rejected by h.neto.,h.neto
05/19/2026 11:59:08,Identity status for User:(6563458), was changed to Pending by h.neto.,h.neto
05/19/2026 11:59:08,KYC status for User:(6563458), was changed to Rejected by h.neto.,h.neto
05/19/2026 11:59:08,Identity status for User:(6563458), was changed to Pending by h.neto.,h.neto
05/19/2026 11:59:08,KYC status for User:(6563458), was changed to Rejected by h.neto.,h.neto
05/19/2026 11:59:07,KYC status for User:(6563458), was changed to Rejected by h.neto.,h.neto
05/19/2026 11:59:07,Identity status for User:(6563458), was changed to Pending by h.neto.,h.neto
05/19/2026 11:59:07,Identity status for User:(6563458), was changed to Pending by h.neto.,h.neto
05/19/2026 11:59:07,KYC status for User:(6563458), was changed to Rejected by h.neto.,h.neto
05/19/2026 11:58:59,Identity status for User:(6564504), was changed to Pending by h.neto.,h.neto
05/19/2026 11:58:59,KYC status for User:(6564504), was changed to Rejected by h.neto.,h.neto
05/19/2026 11:58:59,Identity status for User:(6564504), was changed to Pending by h.neto.,h.neto
05/19/2026 11:58:59,KYC status for User:(6564504), was changed to Rejected by h.neto.,h.neto
05/19/2026 11:58:59,KYC status for User:(6564504), was changed to Rejected by h.neto.,h.neto
05/19/2026 11:58:59,Identity status for User:(6564504), was changed to Pending by h.neto.,h.neto
05/19/2026 11:58:59,KYC status for User:(6564504), was changed to Rejected by h.neto.,h.neto
05/19/2026 11:58:59,Identity status for User:(6564504), was changed to Pending by h.neto.,h.neto
05/19/2026 11:58:58,KYC status for User:(6564504), was changed to Rejected by h.neto.,h.neto
05/19/2026 11:58:58,Identity status for User:(6564504), was changed to Pending by h.neto.,h.neto
05/19/2026 11:58:58,Identity status for User:(6564504), was changed to Pending by h.neto.,h.neto
05/19/2026 11:58:58,KYC status for User:(6564504), was changed to Rejected by h.neto.,h.neto
05/19/2026 11:58:58,Identity status for User:(6564504), was changed to Pending by h.neto.,h.neto
05/19/2026 11:58:58,KYC status for User:(6564504), was changed to Rejected by h.neto.,h.neto
05/19/2026 11:58:57,Identity status for User:(6564504), was changed to Pending by h.neto.,h.neto
05/19/2026 11:58:57,KYC status for User:(6564504), was changed to Rejected by h.neto.,h.neto
05/19/2026 11:58:48,Identity status for User:(6574722), was changed to Pending by h.neto.,h.neto
05/19/2026 11:58:48,KYC status for User:(6574722), was changed to Rejected by h.neto.,h.neto
05/19/2026 11:58:47,Identity status for User:(6574722), was changed to Pending by h.neto.,h.neto
05/19/2026 11:58:47,KYC status for User:(6574722), was changed to Rejected by h.neto.,h.neto
05/19/2026 11:58:47,KYC status for User:(6574722), was changed to Rejected by h.neto.,h.neto
05/19/2026 11:58:47,Identity status for User:(6574722), was changed to Pending by h.neto.,h.neto
05/19/2026 11:58:46,Identity status for User:(6574722), was changed to Pending by h.neto.,h.neto
05/19/2026 11:58:46,KYC status for User:(6574722), was changed to Rejected by h.neto.,h.neto
05/19/2026 11:58:46,Identity status for User:(6574722), was changed to Pending by h.neto.,h.neto
05/19/2026 11:58:46,KYC status for User:(6574722), was changed to Rejected by h.neto.,h.neto
05/19/2026 11:58:46,Identity status for User:(6574722), was changed to Pending by h.neto.,h.neto
05/19/2026 11:58:46,KYC status for User:(6574722), was changed to Rejected by h.neto.,h.neto
05/19/2026 11:58:45,Identity status for User:(6574722), was changed to Pending by h.neto.,h.neto
05/19/2026 11:58:45,KYC status for User:(6574722), was changed to Rejected by h.neto.,h.neto
05/19/2026 11:58:24,Identity status for User:(6565973), was changed to Pending by h.neto.,h.neto
05/19/2026 11:58:24,KYC status for User:(6565973), was changed to Rejected by h.neto.,h.neto
05/19/2026 11:58:23,Identity status for User:(6565973), was changed to Pending by h.neto.,h.neto
05/19/2026 11:58:23,KYC status for User:(6565973), was changed to Rejected by h.neto.,h.neto
05/19/2026 11:58:23,Identity status for User:(6565973), was changed to Pending by h.neto.,h.neto
05/19/2026 11:58:23,KYC status for User:(6565973), was changed to Rejected by h.neto.,h.neto
05/19/2026 11:58:22,Identity status for User:(6565973), was changed to Pending by h.neto.,h.neto
05/19/2026 11:58:22,KYC status for User:(6565973), was changed to Rejected by h.neto.,h.neto
05/19/2026 11:58:11,Identity status for User:(6575137), was changed to Pending by h.neto.,h.neto
05/19/2026 11:58:11,KYC status for User:(6575137), was changed to Rejected by h.neto.,h.neto
05/19/2026 11:58:11,KYC status for User:(6575137), was changed to Rejected by h.neto.,h.neto
05/19/2026 11:58:11,Identity status for User:(6575137), was changed to Pending by h.neto.,h.neto
05/19/2026 11:58:10,Identity status for User:(6575137), was changed to Pending by h.neto.,h.neto
05/19/2026 11:58:10,KYC status for User:(6575137), was changed to Rejected by h.neto.,h.neto
05/19/2026 11:58:10,Identity status for User:(6575137), was changed to Pending by h.neto.,h.neto
05/19/2026 11:58:10,KYC status for User:(6575137), was changed to Rejected by h.neto.,h.neto
05/19/2026 11:58:10,Identity status for User:(6575137), was changed to Pending by h.neto.,h.neto
05/19/2026 11:58:10,KYC status for User:(6575137), was changed to Rejected by h.neto.,h.neto
05/19/2026 11:58:10,KYC status for User:(6575137), was changed to Rejected by h.neto.,h.neto
05/19/2026 11:58:10,Identity status for User:(6575137), was changed to Pending by h.neto.,h.neto
05/19/2026 11:58:09,KYC status for User:(6575137), was changed to Rejected by h.neto.,h.neto
05/19/2026 11:58:09,Identity status for User:(6575137), was changed to Pending by h.neto.,h.neto
05/19/2026 11:58:09,KYC status for User:(6575137), was changed to Rejected by h.neto.,h.neto
05/19/2026 11:58:09,Identity status for User:(6575137), was changed to Pending by h.neto.,h.neto
05/19/2026 11:58:06,Identity status for User:(6575137), was changed to Pending by h.neto.,h.neto
05/19/2026 11:58:06,KYC status for User:(6575137), was changed to Rejected by h.neto.,h.neto
05/19/2026 11:57:59,Identity status for User:(6577561), was changed to Pending by h.neto.,h.neto
05/19/2026 11:57:59,KYC status for User:(6577561), was changed to Rejected by h.neto.,h.neto
05/19/2026 11:57:56,Identity status for User:(6577561), was changed to Pending by h.neto.,h.neto
05/19/2026 11:57:56,KYC status for User:(6577561), was changed to Rejected by h.neto.,h.neto
05/19/2026 11:57:44,Identity status for User:(6577561), was changed to Pending by h.neto.,h.neto
05/19/2026 11:57:44,KYC status for User:(6577561), was changed to Rejected by h.neto.,h.neto
05/19/2026 11:57:44,KYC status for User:(6577561), was changed to Rejected by h.neto.,h.neto
05/19/2026 11:57:44,Identity status for User:(6577561), was changed to Pending by h.neto.,h.neto
05/19/2026 11:57:43,Identity status for User:(6577561), was changed to Pending by h.neto.,h.neto
05/19/2026 11:57:43,KYC status for User:(6577561), was changed to Rejected by h.neto.,h.neto
05/19/2026 11:57:27,Identity status for User:(6580155), was changed to Approved by h.neto.,h.neto
05/19/2026 11:57:27,KYC status for User:(6580155), was changed to Approved by h.neto.,h.neto
05/19/2026 11:57:22,Identity status for User:(6580155), was changed to Approved by h.neto.,h.neto
05/19/2026 11:57:22,KYC status for User:(6580155), was changed to Approved by h.neto.,h.neto
05/19/2026 11:57:13,Player profile (244923849712 - 6580155) was modified.,h.neto,
05/19/2026 11:41:32,KYC status for User:(6614427), was changed to Approved by h.neto.,h.neto
05/19/2026 11:41:32,Identity status for User:(6614427), was changed to Approved by h.neto.,h.neto
05/19/2026 11:41:27,Player profile (244938489743 - 6614427) was modified.,h.neto,
05/19/2026 11:40:28,KYC status for User:(6614474), was changed to Approved by h.neto.,h.neto
05/19/2026 11:40:28,Identity status for User:(6614474), was changed to Approved by h.neto.,h.neto
05/19/2026 11:40:22,Player profile (244927272702 - 6614474) was modified.,h.neto,
05/19/2026 11:40:09,Identity status for User:(6614474), was changed to Approved by h.neto.,h.neto
05/19/2026 11:40:09,KYC status for User:(6614474), was changed to Approved by h.neto.,h.neto
05/19/2026 11:39:49,KYC status for User:(6568977), was changed to Approved by h.neto.,h.neto
05/19/2026 11:39:49,Identity status for User:(6568977), was changed to Approved by h.neto.,h.neto
05/19/2026 11:39:44,Identity status for User:(6568977), was changed to Approved by h.neto.,h.neto
05/19/2026 11:39:44,KYC status for User:(6568977), was changed to Approved by h.neto.,h.neto
05/19/2026 11:39:35,Player profile (244948890268 - 6568977) was modified.,h.neto,
05/19/2026 11:39:10,Identity status for User:(6614433), was changed to Pending by h.neto.,h.neto
05/19/2026 11:39:10,KYC status for User:(6614433), was changed to Rejected by h.neto.,h.neto
05/19/2026 11:39:10,KYC status for User:(6614433), was changed to Rejected by h.neto.,h.neto
05/19/2026 11:39:10,Identity status for User:(6614433), was changed to Pending by h.neto.,h.neto
05/19/2026 11:39:10,Identity status for User:(6614433), was changed to Pending by h.neto.,h.neto
05/19/2026 11:39:10,KYC status for User:(6614433), was changed to Rejected by h.neto.,h.neto
05/19/2026 11:39:09,Identity status for User:(6614433), was changed to Pending by h.neto.,h.neto
05/19/2026 11:39:09,KYC status for User:(6614433), was changed to Rejected by h.neto.,h.neto
05/19/2026 11:38:45,KYC status for User:(6614480), was changed to Rejected by h.neto.,h.neto
05/19/2026 11:38:45,Identity status for User:(6614480), was changed to Pending by h.neto.,h.neto
05/19/2026 11:38:44,Identity status for User:(6614480), was changed to Pending by h.neto.,h.neto
05/19/2026 11:38:44,KYC status for User:(6614480), was changed to Rejected by h.neto.,h.neto
05/19/2026 11:38:44,Identity status for User:(6614480), was changed to Pending by h.neto.,h.neto
05/19/2026 11:38:44,KYC status for User:(6614480), was changed to Rejected by h.neto.,h.neto
05/19/2026 11:38:43,Identity status for User:(6614480), was changed to Pending by h.neto.,h.neto
05/19/2026 11:38:43,KYC status for User:(6614480), was changed to Rejected by h.neto.,h.neto
05/19/2026 11:38:42,Identity status for User:(6614480), was changed to Pending by h.neto.,h.neto
05/19/2026 11:38:42,KYC status for User:(6614480), was changed to Rejected by h.neto.,h.neto
05/19/2026 11:38:30,Identity status for User:(6613589), was changed to Approved by h.neto.,h.neto
05/19/2026 11:38:30,KYC status for User:(6613589), was changed to Approved by h.neto.,h.neto
05/19/2026 11:38:22,Identity status for User:(6613589), was changed to Approved by h.neto.,h.neto
05/19/2026 11:38:22,KYC status for User:(6613589), was changed to Approved by h.neto.,h.neto
05/19/2026 11:38:09,Player profile (244928528196 - 6613589) was modified.,h.neto,
05/19/2026 11:37:40,Identity status for User:(6614696), was changed to Approved by h.neto.,h.neto
05/19/2026 11:37:40,KYC status for User:(6614696), was changed to Approved by h.neto.,h.neto
05/19/2026 11:37:34,Identity status for User:(6614696), was changed to Approved by h.neto.,h.neto
05/19/2026 11:37:34,KYC status for User:(6614696), was changed to Approved by h.neto.,h.neto
05/19/2026 11:37:10,KYC status for User:(6614490), was changed to Rejected by h.neto.,h.neto
05/19/2026 11:37:10,Identity status for User:(6614490), was changed to Pending by h.neto.,h.neto
05/19/2026 11:37:10,KYC status for User:(6614490), was changed to Rejected by h.neto.,h.neto
05/19/2026 11:37:10,Identity status for User:(6614490), was changed to Pending by h.neto.,h.neto
05/19/2026 11:37:10,Identity status for User:(6614490), was changed to Pending by h.neto.,h.neto
05/19/2026 11:37:10,KYC status for User:(6614490), was changed to Rejected by h.neto.,h.neto
05/19/2026 11:37:10,Identity status for User:(6614490), was changed to Pending by h.neto.,h.neto
05/19/2026 11:37:10,KYC status for User:(6614490), was changed to Rejected by h.neto.,h.neto
05/19/2026 11:37:10,Identity status for User:(6614490), was changed to Pending by h.neto.,h.neto
05/19/2026 11:37:10,KYC status for User:(6614490), was changed to Rejected by h.neto.,h.neto
05/19/2026 11:37:09,Identity status for User:(6614490), was changed to Pending by h.neto.,h.neto
05/19/2026 11:37:09,KYC status for User:(6614490), was changed to Rejected by h.neto.,h.neto
05/19/2026 11:37:09,Identity status for User:(6614490), was changed to Pending by h.neto.,h.neto
05/19/2026 11:37:09,KYC status for User:(6614490), was changed to Rejected by h.neto.,h.neto
05/19/2026 11:36:59,Player profile (244935102130 - 6614696) was modified.,h.neto,
05/19/2026 11:36:23,Identity status for User:(6614494), was changed to Pending by h.neto.,h.neto
05/19/2026 11:36:23,KYC status for User:(6614494), was changed to Rejected by h.neto.,h.neto
05/19/2026 11:36:23,KYC status for User:(6614494), was changed to Rejected by h.neto.,h.neto
05/19/2026 11:36:23,Identity status for User:(6614494), was changed to Pending by h.neto.,h.neto
05/19/2026 11:36:23,Identity status for User:(6614494), was changed to Pending by h.neto.,h.neto
05/19/2026 11:36:23,KYC status for User:(6614494), was changed to Rejected by h.neto.,h.neto
05/19/2026 11:36:23,Identity status for User:(6614494), was changed to Pending by h.neto.,h.neto
05/19/2026 11:36:23,KYC status for User:(6614494), was changed to Rejected by h.neto.,h.neto
05/19/2026 11:36:22,Identity status for User:(6614494), was changed to Pending by h.neto.,h.neto
05/19/2026 11:36:22,KYC status for User:(6614494), was changed to Rejected by h.neto.,h.neto
05/19/2026 11:36:14,Identity status for User:(6614514), was changed to Approved by h.neto.,h.neto
05/19/2026 11:36:14,KYC status for User:(6614514), was changed to Approved by h.neto.,h.neto
05/19/2026 11:35:58,Player profile (244947417739 - 6614514) was modified.,h.neto,
05/19/2026 11:35:44,Identity status for User:(6614514), was changed to Approved by h.neto.,h.neto
05/19/2026 11:35:44,KYC status for User:(6614514), was changed to Approved by h.neto.,h.neto
05/19/2026 11:35:17,Player profile (244952586139 - 6614542) was modified.,h.neto,
05/19/2026 11:35:05,Identity status for User:(6614542), was changed to Approved by h.neto.,h.neto
05/19/2026 11:35:05,KYC status for User:(6614542), was changed to Approved by h.neto.,h.neto
05/19/2026 11:34:44,Identity status for User:(6614543), was changed to Pending by h.neto.,h.neto
05/19/2026 11:34:44,KYC status for User:(6614543), was changed to Rejected by h.neto.,h.neto
05/19/2026 11:34:44,Identity status for User:(6614543), was changed to Pending by h.neto.,h.neto
05/19/2026 11:34:44,KYC status for User:(6614543), was changed to Rejected by h.neto.,h.neto
05/19/2026 11:34:44,Identity status for User:(6614543), was changed to Pending by h.neto.,h.neto
05/19/2026 11:34:44,KYC status for User:(6614543), was changed to Rejected by h.neto.,h.neto
05/19/2026 11:34:44,Identity status for User:(6614543), was changed to Pending by h.neto.,h.neto
05/19/2026 11:34:44,KYC status for User:(6614543), was changed to Rejected by h.neto.,h.neto
05/19/2026 11:34:43,Identity status for User:(6614543), was changed to Pending by h.neto.,h.neto
05/19/2026 11:34:43,KYC status for User:(6614543), was changed to Rejected by h.neto.,h.neto
05/19/2026 11:34:43,Identity status for User:(6614543), was changed to Pending by h.neto.,h.neto
05/19/2026 11:34:43,KYC status for User:(6614543), was changed to Rejected by h.neto.,h.neto
05/19/2026 11:34:41,Identity status for User:(6614543), was changed to Pending by h.neto.,h.neto
05/19/2026 11:34:41,KYC status for User:(6614543), was changed to Rejected by h.neto.,h.neto
05/19/2026 11:34:34,Identity status for User:(6614545), was changed to Approved by h.neto.,h.neto
05/19/2026 11:34:34,KYC status for User:(6614545), was changed to Approved by h.neto.,h.neto
05/19/2026 11:34:29,Player profile (244955789272 - 6614545) was modified.,h.neto,
05/19/2026 11:34:18,KYC status for User:(6614545), was changed to Approved by h.neto.,h.neto
05/19/2026 11:34:18,Identity status for User:(6614545), was changed to Approved by h.neto.,h.neto
05/19/2026 11:33:49,Identity status for User:(6614554), was changed to Approved by h.neto.,h.neto
05/19/2026 11:33:49,KYC status for User:(6614554), was changed to Approved by h.neto.,h.neto
05/19/2026 11:33:43,Player profile (244953027422 - 6614554) was modified.,h.neto,
05/19/2026 11:33:27,Player profile (244953027422 - 6614554) was modified.,h.neto,
05/19/2026 11:33:13,Identity status for User:(6614554), was changed to Approved by h.neto.,h.neto
05/19/2026 11:33:13,KYC status for User:(6614554), was changed to Approved by h.neto.,h.neto
05/19/2026 11:32:43,Player profile (244956295766 - 6614559) was modified.,h.neto,
05/19/2026 11:32:29,KYC status for User:(6614559), was changed to Approved by h.neto.,h.neto
05/19/2026 11:32:29,Identity status for User:(6614559), was changed to Approved by h.neto.,h.neto
05/19/2026 11:31:58,Player profile (244950773321 - 6614571) was modified.,h.neto,
05/19/2026 11:31:44,Identity status for User:(6614571), was changed to Approved by h.neto.,h.neto
05/19/2026 11:31:44,KYC status for User:(6614571), was changed to Approved by h.neto.,h.neto
05/19/2026 11:31:11,Identity status for User:(6614567), was changed to Approved by h.neto.,h.neto
05/19/2026 11:31:11,KYC status for User:(6614567), was changed to Approved by h.neto.,h.neto
05/19/2026 11:30:55,Player profile (244943738577 - 6614567) was modified.,h.neto,
05/19/2026 11:30:08,Player profile (244958809384 - 6614573) was modified.,h.neto,
05/19/2026 11:29:56,Identity status for User:(6614573), was changed to Approved by h.neto.,h.neto
05/19/2026 11:29:56,KYC status for User:(6614573), was changed to Approved by h.neto.,h.neto
05/19/2026 11:29:32,Player profile (244946306240 - 6614575) was modified.,h.neto,
05/19/2026 11:29:14,Identity status for User:(6614575), was changed to Approved by h.neto.,h.neto
05/19/2026 11:29:14,KYC status for User:(6614575), was changed to Approved by h.neto.,h.neto
05/19/2026 11:28:51,Player profile (244947999524 - 6614577) was modified.,h.neto,
05/19/2026 11:28:39,Identity status for User:(6614577), was changed to Approved by h.neto.,h.neto
05/19/2026 11:28:39,KYC status for User:(6614577), was changed to Approved by h.neto.,h.neto
05/19/2026 11:28:07,Identity status for User:(6614582), was changed to Approved by h.neto.,h.neto
05/19/2026 11:28:07,KYC status for User:(6614582), was changed to Approved by h.neto.,h.neto
05/19/2026 11:28:00,Player profile (244935295406 - 6614582) was modified.,h.neto,
05/19/2026 11:27:47,Identity status for User:(6614582), was changed to Approved by h.neto.,h.neto
05/19/2026 11:27:47,KYC status for User:(6614582), was changed to Approved by h.neto.,h.neto
05/19/2026 11:27:19,Identity status for User:(6614585), was changed to Approved by h.neto.,h.neto
05/19/2026 11:27:19,KYC status for User:(6614585), was changed to Approved by h.neto.,h.neto
05/19/2026 11:27:11,Player profile (244926058815 - 6614585) was modified.,h.neto,
05/19/2026 11:24:48,Player profile (244934635143 - 6614594) was modified.,h.neto,
05/19/2026 11:24:31,Identity status for User:(6614594), was changed to Approved by h.neto.,h.neto
05/19/2026 11:24:31,KYC status for User:(6614594), was changed to Approved by h.neto.,h.neto
05/19/2026 11:24:04,Player profile (244953060893 - 6614610) was modified.,h.neto,
05/19/2026 11:23:50,Identity status for User:(6614610), was changed to Approved by h.neto.,h.neto
05/19/2026 11:23:50,KYC status for User:(6614610), was changed to Approved by h.neto.,h.neto
05/19/2026 11:23:28,Player profile (244976188804 - 6614621) was modified.,h.neto,
05/19/2026 11:23:12,Identity status for User:(6614621), was changed to Approved by h.neto.,h.neto
05/19/2026 11:23:12,KYC status for User:(6614621), was changed to Approved by h.neto.,h.neto
05/19/2026 11:22:43,Identity status for User:(6614624), was changed to Pending by h.neto.,h.neto
05/19/2026 11:22:43,KYC status for User:(6614624), was changed to Rejected by h.neto.,h.neto
05/19/2026 11:22:43,Identity status for User:(6614624), was changed to Pending by h.neto.,h.neto
05/19/2026 11:22:43,KYC status for User:(6614624), was changed to Rejected by h.neto.,h.neto
05/19/2026 11:22:43,Identity status for User:(6614624), was changed to Pending by h.neto.,h.neto
05/19/2026 11:22:43,KYC status for User:(6614624), was changed to Rejected by h.neto.,h.neto
05/19/2026 11:22:43,KYC status for User:(6614624), was changed to Rejected by h.neto.,h.neto
05/19/2026 11:22:43,Identity status for User:(6614624), was changed to Pending by h.neto.,h.neto
05/19/2026 11:22:42,KYC status for User:(6614624), was changed to Rejected by h.neto.,h.neto
05/19/2026 11:22:42,Identity status for User:(6614624), was changed to Pending by h.neto.,h.neto
05/19/2026 11:22:38,KYC status for User:(6614624), was changed to Rejected by h.neto.,h.neto
05/19/2026 11:22:38,Identity status for User:(6614624), was changed to Pending by h.neto.,h.neto
05/19/2026 11:22:38,KYC status for User:(6614624), was changed to Rejected by h.neto.,h.neto
05/19/2026 11:22:38,Identity status for User:(6614624), was changed to Pending by h.neto.,h.neto
05/19/2026 11:22:29,KYC status for User:(6614627), was changed to Rejected by h.neto.,h.neto
05/19/2026 11:22:29,Identity status for User:(6614627), was changed to Pending by h.neto.,h.neto
05/19/2026 11:22:29,Identity status for User:(6614627), was changed to Pending by h.neto.,h.neto
05/19/2026 11:22:29,KYC status for User:(6614627), was changed to Rejected by h.neto.,h.neto
05/19/2026 11:22:29,Identity status for User:(6614627), was changed to Pending by h.neto.,h.neto
05/19/2026 11:22:29,KYC status for User:(6614627), was changed to Rejected by h.neto.,h.neto
05/19/2026 11:22:28,KYC status for User:(6614627), was changed to Rejected by h.neto.,h.neto
05/19/2026 11:22:28,Identity status for User:(6614627), was changed to Pending by h.neto.,h.neto
05/19/2026 11:22:27,Identity status for User:(6614644), was changed to Pending by h.neto.,h.neto
05/19/2026 11:22:27,KYC status for User:(6614644), was changed to Rejected by h.neto.,h.neto
05/19/2026 11:22:26,Identity status for User:(6614644), was changed to Pending by h.neto.,h.neto
05/19/2026 11:22:26,KYC status for User:(6614644), was changed to Rejected by h.neto.,h.neto
05/19/2026 11:22:26,KYC status for User:(6614644), was changed to Rejected by h.neto.,h.neto
05/19/2026 11:22:26,Identity status for User:(6614644), was changed to Pending by h.neto.,h.neto
05/19/2026 11:22:26,Identity status for User:(6614644), was changed to Pending by h.neto.,h.neto
05/19/2026 11:22:26,KYC status for User:(6614644), was changed to Rejected by h.neto.,h.neto
05/19/2026 11:22:26,Identity status for User:(6614644), was changed to Pending by h.neto.,h.neto
05/19/2026 11:22:26,KYC status for User:(6614644), was changed to Rejected by h.neto.,h.neto
05/19/2026 11:22:23,Identity status for User:(6614644), was changed to Pending by h.neto.,h.neto
05/19/2026 11:22:23,KYC status for User:(6614644), was changed to Rejected by h.neto.,h.neto
05/19/2026 11:22:20,Identity status for User:(6614627), was changed to Pending by h.neto.,h.neto
05/19/2026 11:22:20,KYC status for User:(6614627), was changed to Rejected by h.neto.,h.neto
05/19/2026 11:22:20,Identity status for User:(6614627), was changed to Pending by h.neto.,h.neto
05/19/2026 11:22:20,KYC status for User:(6614627), was changed to Rejected by h.neto.,h.neto
05/19/2026 11:22:20,KYC status for User:(6614627), was changed to Rejected by h.neto.,h.neto
05/19/2026 11:22:20,Identity status for User:(6614627), was changed to Pending by h.neto.,h.neto
05/19/2026 11:22:19,Identity status for User:(6614627), was changed to Pending by h.neto.,h.neto
05/19/2026 11:22:19,KYC status for User:(6614627), was changed to Rejected by h.neto.,h.neto
05/19/2026 11:21:51,Identity status for User:(6614644), was changed to Pending by h.neto.,h.neto
05/19/2026 11:21:51,KYC status for User:(6614644), was changed to Rejected by h.neto.,h.neto
05/19/2026 11:21:51,KYC status for User:(6614644), was changed to Rejected by h.neto.,h.neto
05/19/2026 11:21:51,Identity status for User:(6614644), was changed to Pending by h.neto.,h.neto
05/19/2026 11:18:37,KYC status for User:(6613867), was changed to Rejected by h.neto.,h.neto
05/19/2026 11:18:37,Identity status for User:(6613867), was changed to Pending by h.neto.,h.neto
05/19/2026 11:18:37,Identity status for User:(6613867), was changed to Pending by h.neto.,h.neto
05/19/2026 11:18:37,KYC status for User:(6613867), was changed to Rejected by h.neto.,h.neto
05/19/2026 11:18:36,Identity status for User:(6613867), was changed to Pending by h.neto.,h.neto
05/19/2026 11:18:36,KYC status for User:(6613867), was changed to Rejected by h.neto.,h.neto
05/19/2026 11:18:36,Identity status for User:(6613867), was changed to Pending by h.neto.,h.neto
05/19/2026 11:18:36,KYC status for User:(6613867), was changed to Rejected by h.neto.,h.neto
05/19/2026 11:18:36,Identity status for User:(6613867), was changed to Pending by h.neto.,h.neto
05/19/2026 11:18:36,KYC status for User:(6613867), was changed to Rejected by h.neto.,h.neto
05/19/2026 11:18:25,Identity status for User:(6613869), was changed to Pending by h.neto.,h.neto
05/19/2026 11:18:25,KYC status for User:(6613869), was changed to Rejected by h.neto.,h.neto
05/19/2026 11:18:25,Identity status for User:(6613869), was changed to Pending by h.neto.,h.neto
05/19/2026 11:18:25,KYC status for User:(6613869), was changed to Rejected by h.neto.,h.neto
05/19/2026 11:18:24,KYC status for User:(6613869), was changed to Rejected by h.neto.,h.neto
05/19/2026 11:18:24,Identity status for User:(6613869), was changed to Pending by h.neto.,h.neto
05/19/2026 11:18:24,Identity status for User:(6613869), was changed to Pending by h.neto.,h.neto
05/19/2026 11:18:24,KYC status for User:(6613869), was changed to Rejected by h.neto.,h.neto
05/19/2026 11:08:28,Identity status for User:(6614664), was changed to Approved by d.francisco.,d.francisco
05/19/2026 11:08:28,KYC status for User:(6614664), was changed to Approved by d.francisco.,d.francisco
05/19/2026 11:08:04,Player profile (244935494980 - 6614664) was modified.,d.francisco,
05/19/2026 11:00:59,KYC status for User:(6614114), was changed to Rejected by h.neto.,h.neto
05/19/2026 11:00:59,Identity status for User:(6614114), was changed to Pending by h.neto.,h.neto
05/19/2026 11:00:59,Identity status for User:(6614114), was changed to Pending by h.neto.,h.neto
05/19/2026 11:00:59,KYC status for User:(6614114), was changed to Rejected by h.neto.,h.neto
05/19/2026 11:00:59,Identity status for User:(6614114), was changed to Pending by h.neto.,h.neto
05/19/2026 11:00:59,KYC status for User:(6614114), was changed to Rejected by h.neto.,h.neto
05/19/2026 11:00:59,Identity status for User:(6614114), was changed to Pending by h.neto.,h.neto
05/19/2026 11:00:59,KYC status for User:(6614114), was changed to Rejected by h.neto.,h.neto
05/19/2026 11:00:58,Identity status for User:(6614114), was changed to Pending by h.neto.,h.neto
05/19/2026 11:00:58,KYC status for User:(6614114), was changed to Rejected by h.neto.,h.neto
05/19/2026 11:00:58,KYC status for User:(6614114), was changed to Rejected by h.neto.,h.neto
05/19/2026 11:00:58,Identity status for User:(6614114), was changed to Pending by h.neto.,h.neto
05/19/2026 11:00:58,Identity status for User:(6614114), was changed to Pending by h.neto.,h.neto
05/19/2026 11:00:58,KYC status for User:(6614114), was changed to Rejected by h.neto.,h.neto
05/19/2026 10:59:23,Identity status for User:(6599363), was changed to Approved by d.francisco.,d.francisco
05/19/2026 10:59:23,KYC status for User:(6599363), was changed to Approved by d.francisco.,d.francisco
05/19/2026 10:59:04,Player profile (244958996040 - 6599363) was modified.,d.francisco,
05/19/2026 10:59:02,Player profile (244938715690 - 3200272) was modified.,h.neto,
05/19/2026 10:57:56,Player profile (244938715690 - 3200272) was modified.,h.neto,
05/19/2026 10:57:00,Identity status for User:(6614127), was changed to Pending by h.neto.,h.neto
05/19/2026 10:57:00,KYC status for User:(6614127), was changed to Rejected by h.neto.,h.neto
05/19/2026 10:57:00,Identity status for User:(6614127), was changed to Pending by h.neto.,h.neto
05/19/2026 10:57:00,KYC status for User:(6614127), was changed to Rejected by h.neto.,h.neto
05/19/2026 10:57:00,Identity status for User:(6614127), was changed to Pending by h.neto.,h.neto
05/19/2026 10:57:00,KYC status for User:(6614127), was changed to Rejected by h.neto.,h.neto
05/19/2026 10:56:59,KYC status for User:(6614127), was changed to Rejected by h.neto.,h.neto
05/19/2026 10:56:59,Identity status for User:(6614127), was changed to Pending by h.neto.,h.neto
05/19/2026 10:56:59,Identity status for User:(6614127), was changed to Pending by h.neto.,h.neto
05/19/2026 10:56:59,KYC status for User:(6614127), was changed to Rejected by h.neto.,h.neto
05/19/2026 10:56:50,Identity status for User:(6614130), was changed to Approved by h.neto.,h.neto
05/19/2026 10:56:50,KYC status for User:(6614130), was changed to Approved by h.neto.,h.neto
05/19/2026 10:56:39,Player profile (244929077145 - 6614130) was modified.,h.neto,
05/19/2026 10:54:49,KYC status for User:(6614199), was changed to Rejected by h.neto.,h.neto
05/19/2026 10:54:49,Identity status for User:(6614199), was changed to Pending by h.neto.,h.neto
05/19/2026 10:54:48,Identity status for User:(6614199), was changed to Pending by h.neto.,h.neto
05/19/2026 10:54:48,KYC status for User:(6614199), was changed to Rejected by h.neto.,h.neto
05/19/2026 10:54:48,Identity status for User:(6614199), was changed to Pending by h.neto.,h.neto
05/19/2026 10:54:48,KYC status for User:(6614199), was changed to Rejected by h.neto.,h.neto
05/19/2026 10:54:47,KYC status for User:(6614199), was changed to Rejected by h.neto.,h.neto
05/19/2026 10:54:47,Identity status for User:(6614199), was changed to Pending by h.neto.,h.neto
05/19/2026 10:54:47,Identity status for User:(6614199), was changed to Pending by h.neto.,h.neto
05/19/2026 10:54:47,KYC status for User:(6614199), was changed to Rejected by h.neto.,h.neto
05/19/2026 10:54:47,Identity status for User:(6614199), was changed to Pending by h.neto.,h.neto
05/19/2026 10:54:47,KYC status for User:(6614199), was changed to Rejected by h.neto.,h.neto
05/19/2026 10:54:33,Identity status for User:(6613836), was changed to Pending by h.neto.,h.neto
05/19/2026 10:54:33,KYC status for User:(6613836), was changed to Rejected by h.neto.,h.neto
05/19/2026 10:54:33,KYC status for User:(6613836), was changed to Rejected by h.neto.,h.neto
05/19/2026 10:54:33,Identity status for User:(6613836), was changed to Pending by h.neto.,h.neto
05/19/2026 10:54:33,Identity status for User:(6613836), was changed to Pending by h.neto.,h.neto
05/19/2026 10:54:33,KYC status for User:(6613836), was changed to Rejected by h.neto.,h.neto
05/19/2026 10:54:32,Identity status for User:(6613836), was changed to Pending by h.neto.,h.neto
05/19/2026 10:54:32,KYC status for User:(6613836), was changed to Rejected by h.neto.,h.neto
05/19/2026 10:54:32,Identity status for User:(6613836), was changed to Pending by h.neto.,h.neto
05/19/2026 10:54:32,KYC status for User:(6613836), was changed to Rejected by h.neto.,h.neto
05/19/2026 10:54:32,KYC status for User:(6613836), was changed to Rejected by h.neto.,h.neto
05/19/2026 10:54:32,Identity status for User:(6613836), was changed to Pending by h.neto.,h.neto
05/19/2026 10:54:24,Identity status for User:(6613835), was changed to Pending by h.neto.,h.neto
05/19/2026 10:54:24,KYC status for User:(6613835), was changed to Rejected by h.neto.,h.neto
05/19/2026 10:54:23,Identity status for User:(6613835), was changed to Pending by h.neto.,h.neto
05/19/2026 10:54:23,KYC status for User:(6613835), was changed to Rejected by h.neto.,h.neto
05/19/2026 10:54:23,Identity status for User:(6613835), was changed to Pending by h.neto.,h.neto
05/19/2026 10:54:23,KYC status for User:(6613835), was changed to Rejected by h.neto.,h.neto
05/19/2026 10:54:23,Identity status for User:(6613835), was changed to Pending by h.neto.,h.neto
05/19/2026 10:54:23,KYC status for User:(6613835), was changed to Rejected by h.neto.,h.neto
05/19/2026 10:54:23,Identity status for User:(6613835), was changed to Pending by h.neto.,h.neto
05/19/2026 10:54:23,KYC status for User:(6613835), was changed to Rejected by h.neto.,h.neto
05/19/2026 10:54:23,Identity status for User:(6613835), was changed to Pending by h.neto.,h.neto
05/19/2026 10:54:23,KYC status for User:(6613835), was changed to Rejected by h.neto.,h.neto
05/19/2026 10:54:23,KYC status for User:(6613835), was changed to Rejected by h.neto.,h.neto
05/19/2026 10:54:23,Identity status for User:(6613835), was changed to Pending by h.neto.,h.neto
05/19/2026 10:54:12,KYC status for User:(6613834), was changed to Approved by h.neto.,h.neto
05/19/2026 10:54:12,Identity status for User:(6613834), was changed to Approved by h.neto.,h.neto
05/19/2026 10:54:07,Identity status for User:(6613834), was changed to Approved by h.neto.,h.neto
05/19/2026 10:54:07,KYC status for User:(6613834), was changed to Approved by h.neto.,h.neto
05/19/2026 10:53:59,Player profile (244933003894 - 6613834) was modified.,h.neto,
05/19/2026 10:53:21,Identity status for User:(6613829), was changed to Approved by h.neto.,h.neto
05/19/2026 10:53:21,KYC status for User:(6613829), was changed to Approved by h.neto.,h.neto
05/19/2026 10:53:13,KYC status for User:(6613829), was changed to Approved by h.neto.,h.neto
05/19/2026 10:53:13,Identity status for User:(6613829), was changed to Approved by h.neto.,h.neto
05/19/2026 10:53:08,Player profile (244955066310 - 6613829) was modified.,h.neto,
05/19/2026 10:52:10,Identity status for User:(6613826), was changed to Pending by h.neto.,h.neto
05/19/2026 10:52:10,KYC status for User:(6613826), was changed to Rejected by h.neto.,h.neto
05/19/2026 10:52:10,Identity status for User:(6613826), was changed to Pending by h.neto.,h.neto
05/19/2026 10:52:10,KYC status for User:(6613826), was changed to Rejected by h.neto.,h.neto
05/19/2026 10:52:09,KYC status for User:(6613826), was changed to Rejected by h.neto.,h.neto
05/19/2026 10:52:09,Identity status for User:(6613826), was changed to Pending by h.neto.,h.neto
05/19/2026 10:52:09,KYC status for User:(6613826), was changed to Rejected by h.neto.,h.neto
05/19/2026 10:52:09,Identity status for User:(6613826), was changed to Pending by h.neto.,h.neto
05/19/2026 10:52:09,Identity status for User:(6613826), was changed to Pending by h.neto.,h.neto
05/19/2026 10:52:09,KYC status for User:(6613826), was changed to Rejected by h.neto.,h.neto
05/19/2026 10:52:09,Identity status for User:(6613826), was changed to Pending by h.neto.,h.neto
05/19/2026 10:52:09,KYC status for User:(6613826), was changed to Rejected by h.neto.,h.neto
05/19/2026 10:52:09,Identity status for User:(6613826), was changed to Pending by h.neto.,h.neto
05/19/2026 10:52:09,KYC status for User:(6613826), was changed to Rejected by h.neto.,h.neto
05/19/2026 10:52:08,Identity status for User:(6613826), was changed to Pending by h.neto.,h.neto
05/19/2026 10:52:08,KYC status for User:(6613826), was changed to Rejected by h.neto.,h.neto
05/19/2026 10:52:08,KYC status for User:(6613826), was changed to Rejected by h.neto.,h.neto
05/19/2026 10:52:08,Identity status for User:(6613826), was changed to Pending by h.neto.,h.neto
05/19/2026 10:51:44,Identity status for User:(6613852), was changed to Approved by h.neto.,h.neto
05/19/2026 10:51:44,KYC status for User:(6613852), was changed to Approved by h.neto.,h.neto
05/19/2026 10:51:35,Identity status for User:(6613852), was changed to Approved by h.neto.,h.neto
05/19/2026 10:51:35,KYC status for User:(6613852), was changed to Approved by h.neto.,h.neto
05/19/2026 10:51:28,Player profile (244942735180 - 6613852) was modified.,h.neto,
05/19/2026 10:50:57,Identity status for User:(6613853), was changed to Approved by h.neto.,h.neto
05/19/2026 10:50:57,KYC status for User:(6613853), was changed to Approved by h.neto.,h.neto
05/19/2026 10:50:50,Identity status for User:(6613853), was changed to Approved by h.neto.,h.neto
05/19/2026 10:50:50,KYC status for User:(6613853), was changed to Approved by h.neto.,h.neto
05/19/2026 10:50:39,Player profile (244954353381 - 6613853) was modified.,h.neto,
05/19/2026 10:49:46,Identity status for User:(6613867), was changed to Pending by h.neto.,h.neto
05/19/2026 10:49:46,KYC status for User:(6613867), was changed to Rejected by h.neto.,h.neto
05/19/2026 10:49:46,Identity status for User:(6613867), was changed to Pending by h.neto.,h.neto
05/19/2026 10:49:46,KYC status for User:(6613867), was changed to Rejected by h.neto.,h.neto
05/19/2026 10:49:45,Identity status for User:(6613867), was changed to Pending by h.neto.,h.neto
05/19/2026 10:49:45,KYC status for User:(6613867), was changed to Rejected by h.neto.,h.neto
05/19/2026 10:49:45,Identity status for User:(6613867), was changed to Pending by h.neto.,h.neto
05/19/2026 10:49:45,KYC status for User:(6613867), was changed to Rejected by h.neto.,h.neto
05/19/2026 10:49:44,Identity status for User:(6613867), was changed to Pending by h.neto.,h.neto
05/19/2026 10:49:44,KYC status for User:(6613867), was changed to Rejected by h.neto.,h.neto
05/19/2026 10:49:44,Identity status for User:(6613867), was changed to Pending by h.neto.,h.neto
05/19/2026 10:49:44,KYC status for User:(6613867), was changed to Rejected by h.neto.,h.neto
05/19/2026 10:49:44,Identity status for User:(6613867), was changed to Pending by h.neto.,h.neto
05/19/2026 10:49:44,KYC status for User:(6613867), was changed to Rejected by h.neto.,h.neto
05/19/2026 10:49:44,KYC status for User:(6613867), was changed to Rejected by h.neto.,h.neto
05/19/2026 10:49:44,Identity status for User:(6613867), was changed to Pending by h.neto.,h.neto
05/19/2026 10:49:40,KYC status for User:(6292439), was changed to Approved by d.francisco.,d.francisco
05/19/2026 10:49:40,Identity status for User:(6292439), was changed to Approved by d.francisco.,d.francisco
05/19/2026 10:49:30,KYC status for User:(6613869), was changed to Rejected by h.neto.,h.neto
05/19/2026 10:49:30,Identity status for User:(6613869), was changed to Pending by h.neto.,h.neto
05/19/2026 10:49:30,Identity status for User:(6613869), was changed to Pending by h.neto.,h.neto
05/19/2026 10:49:30,KYC status for User:(6613869), was changed to Rejected by h.neto.,h.neto
05/19/2026 10:49:30,Identity status for User:(6613869), was changed to Pending by h.neto.,h.neto
05/19/2026 10:49:30,KYC status for User:(6613869), was changed to Rejected by h.neto.,h.neto
05/19/2026 10:49:30,KYC status for User:(6613869), was changed to Rejected by h.neto.,h.neto
05/19/2026 10:49:30,Identity status for User:(6613869), was changed to Pending by h.neto.,h.neto
05/19/2026 10:49:29,Identity status for User:(6613869), was changed to Pending by h.neto.,h.neto
05/19/2026 10:49:29,KYC status for User:(6613869), was changed to Rejected by h.neto.,h.neto
05/19/2026 10:49:28,KYC status for User:(6613869), was changed to Rejected by h.neto.,h.neto
05/19/2026 10:49:28,Identity status for User:(6613869), was changed to Pending by h.neto.,h.neto
05/19/2026 10:49:28,Identity status for User:(6613869), was changed to Pending by h.neto.,h.neto
05/19/2026 10:49:28,KYC status for User:(6613869), was changed to Rejected by h.neto.,h.neto
05/19/2026 10:49:21,Player profile (244943330890 - 6292439) was modified.,d.francisco,
05/19/2026 10:49:20,Identity status for User:(6613870), was changed to Pending by h.neto.,h.neto
05/19/2026 10:49:20,KYC status for User:(6613870), was changed to Rejected by h.neto.,h.neto
05/19/2026 10:49:20,KYC status for User:(6613870), was changed to Rejected by h.neto.,h.neto
05/19/2026 10:49:20,Identity status for User:(6613870), was changed to Pending by h.neto.,h.neto
05/19/2026 10:49:20,Identity status for User:(6613870), was changed to Pending by h.neto.,h.neto
05/19/2026 10:49:20,KYC status for User:(6613870), was changed to Rejected by h.neto.,h.neto
05/19/2026 10:49:19,Identity status for User:(6613870), was changed to Pending by h.neto.,h.neto
05/19/2026 10:49:19,KYC status for User:(6613870), was changed to Rejected by h.neto.,h.neto
05/19/2026 10:49:19,Identity status for User:(6613870), was changed to Pending by h.neto.,h.neto
05/19/2026 10:49:19,KYC status for User:(6613870), was changed to Rejected by h.neto.,h.neto
05/19/2026 10:49:19,KYC status for User:(6613870), was changed to Rejected by h.neto.,h.neto
05/19/2026 10:49:19,Identity status for User:(6613870), was changed to Pending by h.neto.,h.neto
05/19/2026 10:49:00,KYC status for User:(6613916), was changed to Approved by h.neto.,h.neto
05/19/2026 10:49:00,Identity status for User:(6613916), was changed to Approved by h.neto.,h.neto
05/19/2026 10:48:55,KYC status for User:(6613916), was changed to Approved by h.neto.,h.neto
05/19/2026 10:48:55,Identity status for User:(6613916), was changed to Approved by h.neto.,h.neto
05/19/2026 10:48:46,Player profile (244955542815 - 6613916) was modified.,h.neto,
05/19/2026 10:47:08,KYC status for User:(6613927), was changed to Rejected by h.neto.,h.neto
05/19/2026 10:47:08,Identity status for User:(6613927), was changed to Pending by h.neto.,h.neto
05/19/2026 10:47:08,Identity status for User:(6613927), was changed to Pending by h.neto.,h.neto
05/19/2026 10:47:08,KYC status for User:(6613927), was changed to Rejected by h.neto.,h.neto
05/19/2026 10:47:07,KYC status for User:(6613927), was changed to Rejected by h.neto.,h.neto
05/19/2026 10:47:07,Identity status for User:(6613927), was changed to Pending by h.neto.,h.neto
05/19/2026 10:47:07,Identity status for User:(6613927), was changed to Pending by h.neto.,h.neto
05/19/2026 10:47:07,KYC status for User:(6613927), was changed to Rejected by h.neto.,h.neto
05/19/2026 10:47:07,Identity status for User:(6613927), was changed to Pending by h.neto.,h.neto
05/19/2026 10:47:07,KYC status for User:(6613927), was changed to Rejected by h.neto.,h.neto
05/19/2026 10:47:06,KYC status for User:(6613927), was changed to Rejected by h.neto.,h.neto
05/19/2026 10:47:06,Identity status for User:(6613927), was changed to Pending by h.neto.,h.neto
05/19/2026 10:46:38,Identity status for User:(6613931), was changed to Pending by h.neto.,h.neto
05/19/2026 10:46:38,KYC status for User:(6613931), was changed to Rejected by h.neto.,h.neto
05/19/2026 10:46:37,Identity status for User:(6613931), was changed to Pending by h.neto.,h.neto
05/19/2026 10:46:37,KYC status for User:(6613931), was changed to Rejected by h.neto.,h.neto
05/19/2026 10:46:37,KYC status for User:(6613931), was changed to Rejected by h.neto.,h.neto
05/19/2026 10:46:37,Identity status for User:(6613931), was changed to Pending by h.neto.,h.neto
05/19/2026 10:46:37,Identity status for User:(6613931), was changed to Pending by h.neto.,h.neto
05/19/2026 10:46:37,KYC status for User:(6613931), was changed to Rejected by h.neto.,h.neto
05/19/2026 10:46:37,Identity status for User:(6613931), was changed to Pending by h.neto.,h.neto
05/19/2026 10:46:37,KYC status for User:(6613931), was changed to Rejected by h.neto.,h.neto
05/19/2026 10:46:36,KYC status for User:(6613931), was changed to Rejected by h.neto.,h.neto
05/19/2026 10:46:36,Identity status for User:(6613931), was changed to Pending by h.neto.,h.neto
05/19/2026 10:46:36,KYC status for User:(6613931), was changed to Rejected by h.neto.,h.neto
05/19/2026 10:46:36,Identity status for User:(6613931), was changed to Pending by h.neto.,h.neto
05/19/2026 10:46:36,Identity status for User:(6613931), was changed to Pending by h.neto.,h.neto
05/19/2026 10:46:36,KYC status for User:(6613931), was changed to Rejected by h.neto.,h.neto
05/19/2026 10:45:01,Identity status for User:(6613937), was changed to Pending by h.neto.,h.neto
05/19/2026 10:45:01,KYC status for User:(6613937), was changed to Rejected by h.neto.,h.neto
05/19/2026 10:45:01,Identity status for User:(6613937), was changed to Pending by h.neto.,h.neto
05/19/2026 10:45:01,KYC status for User:(6613937), was changed to Rejected by h.neto.,h.neto
05/19/2026 10:45:01,Identity status for User:(6613937), was changed to Pending by h.neto.,h.neto
05/19/2026 10:45:01,KYC status for User:(6613937), was changed to Rejected by h.neto.,h.neto
05/19/2026 10:45:01,Identity status for User:(6613937), was changed to Pending by h.neto.,h.neto
05/19/2026 10:45:01,KYC status for User:(6613937), was changed to Rejected by h.neto.,h.neto
05/19/2026 10:45:01,Identity status for User:(6613937), was changed to Pending by h.neto.,h.neto
05/19/2026 10:45:01,KYC status for User:(6613937), was changed to Rejected by h.neto.,h.neto
05/19/2026 10:45:00,Identity status for User:(6613937), was changed to Pending by h.neto.,h.neto
05/19/2026 10:45:00,KYC status for User:(6613937), was changed to Rejected by h.neto.,h.neto
05/19/2026 10:44:59,Identity status for User:(6613937), was changed to Pending by h.neto.,h.neto
05/19/2026 10:44:59,KYC status for User:(6613937), was changed to Rejected by h.neto.,h.neto
05/19/2026 10:44:52,KYC status for User:(6613941), was changed to Approved by h.neto.,h.neto
05/19/2026 10:44:52,Identity status for User:(6613941), was changed to Approved by h.neto.,h.neto
05/19/2026 10:44:13,Identity status for User:(6081529), was changed to Approved by d.francisco.,d.francisco
05/19/2026 10:44:13,KYC status for User:(6081529), was changed to Approved by d.francisco.,d.francisco
05/19/2026 10:44:09,Player profile (244933852242 - 6613941) was modified.,h.neto,
05/19/2026 10:43:56,Player profile (244927705659 - 6081529) was modified.,d.francisco,
05/19/2026 10:43:43,Identity status for User:(6613941), was changed to Approved by h.neto.,h.neto
05/19/2026 10:43:43,KYC status for User:(6613941), was changed to Approved by h.neto.,h.neto
05/19/2026 10:42:10,Identity status for User:(6613982), was changed to Pending by h.neto.,h.neto
05/19/2026 10:42:10,KYC status for User:(6613982), was changed to Rejected by h.neto.,h.neto
05/19/2026 10:42:10,Identity status for User:(6613982), was changed to Pending by h.neto.,h.neto
05/19/2026 10:42:10,KYC status for User:(6613982), was changed to Rejected by h.neto.,h.neto
05/19/2026 10:42:09,KYC status for User:(6613982), was changed to Rejected by h.neto.,h.neto
05/19/2026 10:42:09,Identity status for User:(6613982), was changed to Pending by h.neto.,h.neto
05/19/2026 10:42:08,KYC status for User:(6613982), was changed to Rejected by h.neto.,h.neto
05/19/2026 10:42:08,Identity status for User:(6613982), was changed to Pending by h.neto.,h.neto
05/19/2026 10:42:07,Identity status for User:(6613982), was changed to Pending by h.neto.,h.neto
05/19/2026 10:42:07,KYC status for User:(6613982), was changed to Rejected by h.neto.,h.neto
05/19/2026 10:42:07,KYC status for User:(6613982), was changed to Rejected by h.neto.,h.neto
05/19/2026 10:42:07,Identity status for User:(6613982), was changed to Pending by h.neto.,h.neto
05/19/2026 10:42:07,Identity status for User:(6613982), was changed to Pending by h.neto.,h.neto
05/19/2026 10:42:07,KYC status for User:(6613982), was changed to Rejected by h.neto.,h.neto
05/19/2026 10:42:07,Identity status for User:(6613982), was changed to Pending by h.neto.,h.neto
05/19/2026 10:42:07,KYC status for User:(6613982), was changed to Rejected by h.neto.,h.neto
05/19/2026 10:41:49,KYC status for User:(6614045), was changed to Rejected by h.neto.,h.neto
05/19/2026 10:41:49,Identity status for User:(6614045), was changed to Pending by h.neto.,h.neto
05/19/2026 10:41:49,Identity status for User:(6614045), was changed to Pending by h.neto.,h.neto
05/19/2026 10:41:49,KYC status for User:(6614045), was changed to Rejected by h.neto.,h.neto
05/19/2026 10:41:49,KYC status for User:(6614045), was changed to Rejected by h.neto.,h.neto
05/19/2026 10:41:49,Identity status for User:(6614045), was changed to Pending by h.neto.,h.neto
05/19/2026 10:41:49,Identity status for User:(6614045), was changed to Pending by h.neto.,h.neto
05/19/2026 10:41:49,KYC status for User:(6614045), was changed to Rejected by h.neto.,h.neto
05/19/2026 10:41:48,Identity status for User:(6614045), was changed to Pending by h.neto.,h.neto
05/19/2026 10:41:48,KYC status for User:(6614045), was changed to Rejected by h.neto.,h.neto
05/19/2026 10:41:48,Identity status for User:(6614045), was changed to Pending by h.neto.,h.neto
05/19/2026 10:41:48,KYC status for User:(6614045), was changed to Rejected by h.neto.,h.neto
05/19/2026 10:41:47,Identity status for User:(6614045), was changed to Pending by h.neto.,h.neto
05/19/2026 10:41:47,KYC status for User:(6614045), was changed to Rejected by h.neto.,h.neto
05/19/2026 10:41:34,KYC status for User:(6614076), was changed to Rejected by h.neto.,h.neto
05/19/2026 10:41:34,Identity status for User:(6614076), was changed to Pending by h.neto.,h.neto
05/19/2026 10:41:33,Identity status for User:(6614076), was changed to Pending by h.neto.,h.neto
05/19/2026 10:41:33,KYC status for User:(6614076), was changed to Rejected by h.neto.,h.neto
05/19/2026 10:41:33,Identity status for User:(6614076), was changed to Pending by h.neto.,h.neto
05/19/2026 10:41:33,KYC status for User:(6614076), was changed to Rejected by h.neto.,h.neto
05/19/2026 10:41:33,KYC status for User:(6614076), was changed to Rejected by h.neto.,h.neto
05/19/2026 10:41:33,Identity status for User:(6614076), was changed to Pending by h.neto.,h.neto
05/19/2026 10:41:32,Identity status for User:(6614076), was changed to Pending by h.neto.,h.neto
05/19/2026 10:41:32,KYC status for User:(6614076), was changed to Rejected by h.neto.,h.neto
05/19/2026 10:41:32,Identity status for User:(6614076), was changed to Pending by h.neto.,h.neto
05/19/2026 10:41:32,KYC status for User:(6614076), was changed to Rejected by h.neto.,h.neto
05/19/2026 10:41:32,Identity status for User:(6614076), was changed to Pending by h.neto.,h.neto
05/19/2026 10:41:32,KYC status for User:(6614076), was changed to Rejected by h.neto.,h.neto
05/19/2026 10:41:32,KYC status for User:(6614076), was changed to Rejected by h.neto.,h.neto
05/19/2026 10:41:32,Identity status for User:(6614076), was changed to Pending by h.neto.,h.neto
05/19/2026 10:41:01,Identity status for User:(6614108), was changed to Pending by h.neto.,h.neto
05/19/2026 10:41:01,KYC status for User:(6614108), was changed to Rejected by h.neto.,h.neto
05/19/2026 10:41:00,Identity status for User:(6614108), was changed to Pending by h.neto.,h.neto
05/19/2026 10:41:00,KYC status for User:(6614108), was changed to Rejected by h.neto.,h.neto
05/19/2026 10:41:00,Identity status for User:(6614108), was changed to Pending by h.neto.,h.neto
05/19/2026 10:41:00,KYC status for User:(6614108), was changed to Rejected by h.neto.,h.neto
05/19/2026 10:41:00,Identity status for User:(6614108), was changed to Pending by h.neto.,h.neto
05/19/2026 10:41:00,KYC status for User:(6614108), was changed to Rejected by h.neto.,h.neto
05/19/2026 10:40:59,Identity status for User:(6614108), was changed to Pending by h.neto.,h.neto
05/19/2026 10:40:59,KYC status for User:(6614108), was changed to Rejected by h.neto.,h.neto
05/19/2026 10:34:45,Identity status for User:(6614118), was changed to Pending by h.neto.,h.neto
05/19/2026 10:34:45,KYC status for User:(6614118), was changed to Rejected by h.neto.,h.neto
05/19/2026 10:34:44,Identity status for User:(6614118), was changed to Pending by h.neto.,h.neto
05/19/2026 10:34:44,KYC status for User:(6614118), was changed to Rejected by h.neto.,h.neto
05/19/2026 10:34:44,KYC status for User:(6614118), was changed to Rejected by h.neto.,h.neto
05/19/2026 10:34:44,Identity status for User:(6614118), was changed to Pending by h.neto.,h.neto
05/19/2026 10:34:44,Identity status for User:(6614118), was changed to Pending by h.neto.,h.neto
05/19/2026 10:34:44,KYC status for User:(6614118), was changed to Rejected by h.neto.,h.neto
05/19/2026 10:34:44,KYC status for User:(6614118), was changed to Rejected by h.neto.,h.neto
05/19/2026 10:34:44,Identity status for User:(6614118), was changed to Pending by h.neto.,h.neto
05/19/2026 10:34:34,Identity status for User:(6614124), was changed to Pending by h.neto.,h.neto
05/19/2026 10:34:34,KYC status for User:(6614124), was changed to Rejected by h.neto.,h.neto
05/19/2026 10:34:34,Identity status for User:(6614124), was changed to Pending by h.neto.,h.neto
05/19/2026 10:34:34,KYC status for User:(6614124), was changed to Rejected by h.neto.,h.neto
05/19/2026 10:34:34,KYC status for User:(6614124), was changed to Rejected by h.neto.,h.neto
05/19/2026 10:34:34,Identity status for User:(6614124), was changed to Pending by h.neto.,h.neto
05/19/2026 10:34:33,Identity status for User:(6614124), was changed to Pending by h.neto.,h.neto
05/19/2026 10:34:33,KYC status for User:(6614124), was changed to Rejected by h.neto.,h.neto
05/19/2026 10:34:33,Identity status for User:(6614124), was changed to Pending by h.neto.,h.neto
05/19/2026 10:34:33,KYC status for User:(6614124), was changed to Rejected by h.neto.,h.neto
05/19/2026 10:34:33,Identity status for User:(6614124), was changed to Pending by h.neto.,h.neto
05/19/2026 10:34:33,KYC status for User:(6614124), was changed to Rejected by h.neto.,h.neto
05/19/2026 10:34:33,Identity status for User:(6614124), was changed to Pending by h.neto.,h.neto
05/19/2026 10:34:33,KYC status for User:(6614124), was changed to Rejected by h.neto.,h.neto
05/19/2026 10:34:33,Identity status for User:(6614124), was changed to Pending by h.neto.,h.neto
05/19/2026 10:34:33,KYC status for User:(6614124), was changed to Rejected by h.neto.,h.neto
05/19/2026 10:11:48,Identity status for User:(6608389), was changed to Approved by d.francisco.,d.francisco
05/19/2026 10:11:48,KYC status for User:(6608389), was changed to Approved by d.francisco.,d.francisco
05/19/2026 10:11:31,Player profile (244950768354 - 6608389) was modified.,d.francisco,
05/19/2026 10:07:45,KYC status for User:(6592124), was changed to Approved by d.francisco.,d.francisco
05/19/2026 10:07:45,Identity status for User:(6592124), was changed to Approved by d.francisco.,d.francisco
05/19/2026 10:07:28,Player profile (244973987144 - 6592124) was modified.,d.francisco,
05/19/2026 10:03:59,Identity status for User:(6539665), was changed to Approved by d.francisco.,d.francisco
05/19/2026 10:03:59,KYC status for User:(6539665), was changed to Approved by d.francisco.,d.francisco
05/19/2026 10:03:38,Player profile (244953268779 - 6539665) was modified.,d.francisco,
05/19/2026 10:00:07,Identity status for User:(6608658), was changed to Pending by h.neto.,h.neto
05/19/2026 10:00:07,Identity status for User:(6608658), was changed to Pending by h.neto.,h.neto
05/19/2026 10:00:07,KYC status for User:(6608658), was changed to Rejected by h.neto.,h.neto
05/19/2026 10:00:07,KYC status for User:(6608658), was changed to Rejected by h.neto.,h.neto
05/19/2026 10:00:07,KYC status for User:(6608658), was changed to Rejected by h.neto.,h.neto
05/19/2026 10:00:07,Identity status for User:(6608658), was changed to Pending by h.neto.,h.neto
05/19/2026 10:00:07,Identity status for User:(6608658), was changed to Pending by h.neto.,h.neto
05/19/2026 10:00:07,KYC status for User:(6608658), was changed to Rejected by h.neto.,h.neto
05/19/2026 10:00:07,Identity status for User:(6608658), was changed to Pending by h.neto.,h.neto
05/19/2026 10:00:07,KYC status for User:(6608658), was changed to Rejected by h.neto.,h.neto
05/19/2026 09:56:30,Identity status for User:(6609639), was changed to Pending by h.neto.,h.neto
05/19/2026 09:56:30,KYC status for User:(6609639), was changed to Rejected by h.neto.,h.neto
05/19/2026 09:56:29,KYC status for User:(6609639), was changed to Rejected by h.neto.,h.neto
05/19/2026 09:56:29,Identity status for User:(6609639), was changed to Pending by h.neto.,h.neto
05/19/2026 09:56:29,Identity status for User:(6609639), was changed to Pending by h.neto.,h.neto
05/19/2026 09:56:29,KYC status for User:(6609639), was changed to Rejected by h.neto.,h.neto
05/19/2026 09:56:29,Identity status for User:(6609639), was changed to Pending by h.neto.,h.neto
05/19/2026 09:56:29,KYC status for User:(6609639), was changed to Rejected by h.neto.,h.neto
05/19/2026 09:56:29,KYC status for User:(6609639), was changed to Rejected by h.neto.,h.neto
05/19/2026 09:56:29,Identity status for User:(6609639), was changed to Pending by h.neto.,h.neto
05/19/2026 09:56:28,Identity status for User:(6609639), was changed to Pending by h.neto.,h.neto
05/19/2026 09:56:28,KYC status for User:(6609639), was changed to Rejected by h.neto.,h.neto
05/19/2026 09:56:08,Identity status for User:(6611159), was changed to Pending by h.neto.,h.neto
05/19/2026 09:56:08,KYC status for User:(6611159), was changed to Rejected by h.neto.,h.neto
05/19/2026 09:56:08,Identity status for User:(6611159), was changed to Pending by h.neto.,h.neto
05/19/2026 09:56:08,KYC status for User:(6611159), was changed to Rejected by h.neto.,h.neto
05/19/2026 09:56:07,Identity status for User:(6611159), was changed to Pending by h.neto.,h.neto
05/19/2026 09:56:07,KYC status for User:(6611159), was changed to Rejected by h.neto.,h.neto
05/19/2026 09:56:07,Identity status for User:(6611159), was changed to Pending by h.neto.,h.neto
05/19/2026 09:56:07,KYC status for User:(6611159), was changed to Rejected by h.neto.,h.neto
05/19/2026 09:56:07,KYC status for User:(6611159), was changed to Rejected by h.neto.,h.neto
05/19/2026 09:56:07,Identity status for User:(6611159), was changed to Pending by h.neto.,h.neto
05/19/2026 09:56:06,Identity status for User:(6611159), was changed to Pending by h.neto.,h.neto
05/19/2026 09:56:06,KYC status for User:(6611159), was changed to Rejected by h.neto.,h.neto
05/19/2026 09:56:05,KYC status for User:(6611159), was changed to Rejected by h.neto.,h.neto
05/19/2026 09:56:05,Identity status for User:(6611159), was changed to Pending by h.neto.,h.neto
05/19/2026 09:56:05,Identity status for User:(6611159), was changed to Pending by h.neto.,h.neto
05/19/2026 09:56:05,KYC status for User:(6611159), was changed to Rejected by h.neto.,h.neto
05/19/2026 09:55:56,KYC status for User:(6611303), was changed to Rejected by h.neto.,h.neto
05/19/2026 09:55:56,Identity status for User:(6611303), was changed to Pending by h.neto.,h.neto
05/19/2026 09:55:56,KYC status for User:(6611303), was changed to Rejected by h.neto.,h.neto
05/19/2026 09:55:56,Identity status for User:(6611303), was changed to Pending by h.neto.,h.neto
05/19/2026 09:55:56,Identity status for User:(6611303), was changed to Pending by h.neto.,h.neto
05/19/2026 09:55:56,KYC status for User:(6611303), was changed to Rejected by h.neto.,h.neto
05/19/2026 09:55:56,Identity status for User:(6611303), was changed to Pending by h.neto.,h.neto
05/19/2026 09:55:56,KYC status for User:(6611303), was changed to Rejected by h.neto.,h.neto
05/19/2026 09:55:56,Identity status for User:(6611303), was changed to Pending by h.neto.,h.neto
05/19/2026 09:55:56,KYC status for User:(6611303), was changed to Rejected by h.neto.,h.neto
05/19/2026 09:55:55,KYC status for User:(6611303), was changed to Rejected by h.neto.,h.neto
05/19/2026 09:55:55,Identity status for User:(6611303), was changed to Pending by h.neto.,h.neto
05/19/2026 09:55:55,Identity status for User:(6611303), was changed to Pending by h.neto.,h.neto
05/19/2026 09:55:55,KYC status for User:(6611303), was changed to Rejected by h.neto.,h.neto
05/19/2026 09:55:55,Identity status for User:(6611303), was changed to Pending by h.neto.,h.neto
05/19/2026 09:55:55,KYC status for User:(6611303), was changed to Rejected by h.neto.,h.neto
05/19/2026 09:55:35,KYC status for User:(6612227), was changed to Approved by h.neto.,h.neto
05/19/2026 09:55:35,Identity status for User:(6612227), was changed to Approved by h.neto.,h.neto
05/19/2026 09:55:30,Player profile (244925900690 - 6612227) was modified.,h.neto,
05/19/2026 09:54:24,KYC status for User:(6612227), was changed to Approved by h.neto.,h.neto
05/19/2026 09:54:24,Identity status for User:(6612227), was changed to Approved by h.neto.,h.neto
05/19/2026 09:53:55,Identity status for User:(6612247), was changed to Pending by h.neto.,h.neto
05/19/2026 09:53:55,KYC status for User:(6612247), was changed to Rejected by h.neto.,h.neto
05/19/2026 09:53:55,Identity status for User:(6612247), was changed to Pending by h.neto.,h.neto
05/19/2026 09:53:55,KYC status for User:(6612247), was changed to Rejected by h.neto.,h.neto
05/19/2026 09:53:55,KYC status for User:(6612247), was changed to Rejected by h.neto.,h.neto
05/19/2026 09:53:55,Identity status for User:(6612247), was changed to Pending by h.neto.,h.neto
05/19/2026 09:53:54,Identity status for User:(6612247), was changed to Pending by h.neto.,h.neto
05/19/2026 09:53:54,KYC status for User:(6612247), was changed to Rejected by h.neto.,h.neto
05/19/2026 09:53:54,Identity status for User:(6612247), was changed to Pending by h.neto.,h.neto
05/19/2026 09:53:54,KYC status for User:(6612247), was changed to Rejected by h.neto.,h.neto
05/19/2026 09:53:54,Identity status for User:(6612247), was changed to Pending by h.neto.,h.neto
05/19/2026 09:53:54,KYC status for User:(6612247), was changed to Rejected by h.neto.,h.neto
05/19/2026 09:53:54,KYC status for User:(6612247), was changed to Rejected by h.neto.,h.neto
05/19/2026 09:53:54,Identity status for User:(6612247), was changed to Pending by h.neto.,h.neto
05/19/2026 09:53:25,Identity status for User:(6612377), was changed to Pending by h.neto.,h.neto
05/19/2026 09:53:25,KYC status for User:(6612377), was changed to Rejected by h.neto.,h.neto
05/19/2026 09:53:25,Identity status for User:(6612377), was changed to Pending by h.neto.,h.neto
05/19/2026 09:53:25,KYC status for User:(6612377), was changed to Rejected by h.neto.,h.neto
05/19/2026 09:53:24,Identity status for User:(6612377), was changed to Pending by h.neto.,h.neto
05/19/2026 09:53:24,KYC status for User:(6612377), was changed to Rejected by h.neto.,h.neto
05/19/2026 09:53:24,Identity status for User:(6612377), was changed to Pending by h.neto.,h.neto
05/19/2026 09:53:24,KYC status for User:(6612377), was changed to Rejected by h.neto.,h.neto
05/19/2026 09:53:24,Identity status for User:(6612377), was changed to Pending by h.neto.,h.neto
05/19/2026 09:53:24,KYC status for User:(6612377), was changed to Rejected by h.neto.,h.neto
05/19/2026 09:53:22,Identity status for User:(6612377), was changed to Pending by h.neto.,h.neto
05/19/2026 09:53:22,KYC status for User:(6612377), was changed to Rejected by h.neto.,h.neto
05/19/2026 09:53:22,Identity status for User:(6612377), was changed to Pending by h.neto.,h.neto
05/19/2026 09:53:22,KYC status for User:(6612377), was changed to Rejected by h.neto.,h.neto
05/19/2026 09:53:12,Identity status for User:(6612438), was changed to Pending by h.neto.,h.neto
05/19/2026 09:53:12,KYC status for User:(6612438), was changed to Rejected by h.neto.,h.neto
05/19/2026 09:53:12,Identity status for User:(6612438), was changed to Pending by h.neto.,h.neto
05/19/2026 09:53:12,KYC status for User:(6612438), was changed to Rejected by h.neto.,h.neto
05/19/2026 09:53:11,Identity status for User:(6612438), was changed to Pending by h.neto.,h.neto
05/19/2026 09:53:11,KYC status for User:(6612438), was changed to Rejected by h.neto.,h.neto
05/19/2026 09:53:11,Identity status for User:(6612438), was changed to Pending by h.neto.,h.neto
05/19/2026 09:53:11,KYC status for User:(6612438), was changed to Rejected by h.neto.,h.neto
05/19/2026 09:53:11,KYC status for User:(6612438), was changed to Rejected by h.neto.,h.neto
05/19/2026 09:53:11,Identity status for User:(6612438), was changed to Pending by h.neto.,h.neto
05/19/2026 09:53:11,KYC status for User:(6612438), was changed to Rejected by h.neto.,h.neto
05/19/2026 09:53:11,Identity status for User:(6612438), was changed to Pending by h.neto.,h.neto
05/19/2026 09:53:10,Identity status for User:(6612438), was changed to Pending by h.neto.,h.neto
05/19/2026 09:53:10,KYC status for User:(6612438), was changed to Rejected by h.neto.,h.neto
05/19/2026 09:53:10,Identity status for User:(6612438), was changed to Pending by h.neto.,h.neto
05/19/2026 09:53:10,KYC status for User:(6612438), was changed to Rejected by h.neto.,h.neto
05/19/2026 09:53:00,Identity status for User:(6613195), was changed to Pending by h.neto.,h.neto
05/19/2026 09:53:00,KYC status for User:(6613195), was changed to Rejected by h.neto.,h.neto
05/19/2026 09:52:59,Identity status for User:(6613195), was changed to Pending by h.neto.,h.neto
05/19/2026 09:52:59,KYC status for User:(6613195), was changed to Rejected by h.neto.,h.neto
05/19/2026 09:52:59,Identity status for User:(6613195), was changed to Pending by h.neto.,h.neto
05/19/2026 09:52:59,KYC status for User:(6613195), was changed to Rejected by h.neto.,h.neto
05/19/2026 09:52:57,Identity status for User:(6613195), was changed to Pending by h.neto.,h.neto
05/19/2026 09:52:57,Identity status for User:(6613195), was changed to Pending by h.neto.,h.neto
05/19/2026 09:52:57,KYC status for User:(6613195), was changed to Rejected by h.neto.,h.neto
05/19/2026 09:52:57,KYC status for User:(6613195), was changed to Rejected by h.neto.,h.neto
05/19/2026 09:52:57,KYC status for User:(6613195), was changed to Rejected by h.neto.,h.neto
05/19/2026 09:52:57,Identity status for User:(6613195), was changed to Pending by h.neto.,h.neto
05/19/2026 09:52:56,Identity status for User:(6613195), was changed to Pending by h.neto.,h.neto
05/19/2026 09:52:56,KYC status for User:(6613195), was changed to Rejected by h.neto.,h.neto
05/19/2026 09:52:55,Identity status for User:(6613195), was changed to Pending by h.neto.,h.neto
05/19/2026 09:52:55,KYC status for User:(6613195), was changed to Rejected by h.neto.,h.neto
05/19/2026 09:52:44,Identity status for User:(6613207), was changed to Pending by h.neto.,h.neto
05/19/2026 09:52:44,KYC status for User:(6613207), was changed to Rejected by h.neto.,h.neto
05/19/2026 09:52:44,Identity status for User:(6613207), was changed to Pending by h.neto.,h.neto
05/19/2026 09:52:44,KYC status for User:(6613207), was changed to Rejected by h.neto.,h.neto
05/19/2026 09:52:44,Identity status for User:(6613207), was changed to Pending by h.neto.,h.neto
05/19/2026 09:52:44,KYC status for User:(6613207), was changed to Rejected by h.neto.,h.neto
05/19/2026 09:52:44,Identity status for User:(6613207), was changed to Pending by h.neto.,h.neto
05/19/2026 09:52:44,KYC status for User:(6613207), was changed to Rejected by h.neto.,h.neto
05/19/2026 09:52:43,Identity status for User:(6613207), was changed to Pending by h.neto.,h.neto
05/19/2026 09:52:43,KYC status for User:(6613207), was changed to Rejected by h.neto.,h.neto
05/19/2026 09:52:41,KYC status for User:(6613207), was changed to Rejected by h.neto.,h.neto
05/19/2026 09:52:41,Identity status for User:(6613207), was changed to Pending by h.neto.,h.neto
05/19/2026 09:52:40,Identity status for User:(6613207), was changed to Pending by h.neto.,h.neto
05/19/2026 09:52:40,KYC status for User:(6613207), was changed to Rejected by h.neto.,h.neto
05/19/2026 09:52:39,Identity status for User:(6613207), was changed to Pending by h.neto.,h.neto
05/19/2026 09:52:39,KYC status for User:(6613207), was changed to Rejected by h.neto.,h.neto
05/19/2026 09:52:08,Identity status for User:(6613246), was changed to Approved by h.neto.,h.neto
05/19/2026 09:52:08,KYC status for User:(6613246), was changed to Approved by h.neto.,h.neto
05/19/2026 09:52:00,Identity status for User:(6613246), was changed to Approved by h.neto.,h.neto
05/19/2026 09:52:00,KYC status for User:(6613246), was changed to Approved by h.neto.,h.neto
05/19/2026 09:51:49,Player profile (244938625867 - 6613246) was modified.,h.neto,
05/19/2026 09:49:19,KYC status for User:(6613312), was changed to Rejected by h.neto.,h.neto
05/19/2026 09:49:19,Identity status for User:(6613312), was changed to Pending by h.neto.,h.neto
05/19/2026 09:49:19,Identity status for User:(6613312), was changed to Pending by h.neto.,h.neto
05/19/2026 09:49:19,KYC status for User:(6613312), was changed to Rejected by h.neto.,h.neto
05/19/2026 09:49:19,Identity status for User:(6613312), was changed to Pending by h.neto.,h.neto
05/19/2026 09:49:19,KYC status for User:(6613312), was changed to Rejected by h.neto.,h.neto
05/19/2026 09:49:16,Identity status for User:(6613312), was changed to Pending by h.neto.,h.neto
05/19/2026 09:49:16,KYC status for User:(6613312), was changed to Rejected by h.neto.,h.neto
05/19/2026 09:49:15,Identity status for User:(6613312), was changed to Pending by h.neto.,h.neto
05/19/2026 09:49:15,KYC status for User:(6613312), was changed to Rejected by h.neto.,h.neto
05/19/2026 09:49:14,Identity status for User:(6613312), was changed to Pending by h.neto.,h.neto
05/19/2026 09:49:14,KYC status for User:(6613312), was changed to Rejected by h.neto.,h.neto
05/19/2026 09:48:58,Identity status for User:(6613333), was changed to Approved by h.neto.,h.neto
05/19/2026 09:48:58,KYC status for User:(6613333), was changed to Approved by h.neto.,h.neto
05/19/2026 09:48:51,Identity status for User:(6613333), was changed to Approved by h.neto.,h.neto
05/19/2026 09:48:51,KYC status for User:(6613333), was changed to Approved by h.neto.,h.neto
05/19/2026 09:48:36,Player profile (244954974145 - 6613333) was modified.,h.neto,
05/19/2026 09:47:21,KYC status for User:(6614563), was changed to Approved by h.neto.,h.neto
05/19/2026 09:47:21,Identity status for User:(6614563), was changed to Approved by h.neto.,h.neto
05/19/2026 09:47:17,Identity status for User:(6614563), was changed to Approved by h.neto.,h.neto
05/19/2026 09:47:17,KYC status for User:(6614563), was changed to Approved by h.neto.,h.neto
05/19/2026 09:46:59,KYC status for User:(6614563), was changed to Approved by h.neto.,h.neto
05/19/2026 09:46:59,Identity status for User:(6614563), was changed to Approved by h.neto.,h.neto
05/19/2026 09:46:33,Player profile (244923528546 - 6614563) was modified.,h.neto,
05/19/2026 09:45:50,KYC status for User:(6613340), was changed to Rejected by h.neto.,h.neto
05/19/2026 09:45:50,Identity status for User:(6613340), was changed to Pending by h.neto.,h.neto
05/19/2026 09:45:50,Identity status for User:(6613340), was changed to Pending by h.neto.,h.neto
05/19/2026 09:45:50,KYC status for User:(6613340), was changed to Rejected by h.neto.,h.neto
05/19/2026 09:45:50,KYC status for User:(6613340), was changed to Rejected by h.neto.,h.neto
05/19/2026 09:45:50,Identity status for User:(6613340), was changed to Pending by h.neto.,h.neto
05/19/2026 09:45:50,Identity status for User:(6613340), was changed to Pending by h.neto.,h.neto
05/19/2026 09:45:50,KYC status for User:(6613340), was changed to Rejected by h.neto.,h.neto
05/19/2026 09:45:48,Identity status for User:(6613340), was changed to Pending by h.neto.,h.neto
05/19/2026 09:45:48,KYC status for User:(6613340), was changed to Rejected by h.neto.,h.neto
05/19/2026 09:45:48,Identity status for User:(6613340), was changed to Pending by h.neto.,h.neto
05/19/2026 09:45:48,KYC status for User:(6613340), was changed to Rejected by h.neto.,h.neto
05/19/2026 09:45:47,KYC status for User:(6613340), was changed to Rejected by h.neto.,h.neto
05/19/2026 09:45:47,Identity status for User:(6613340), was changed to Pending by h.neto.,h.neto
05/19/2026 09:45:47,Identity status for User:(6613340), was changed to Pending by h.neto.,h.neto
05/19/2026 09:45:47,KYC status for User:(6613340), was changed to Rejected by h.neto.,h.neto
05/19/2026 09:45:28,KYC status for User:(6613396), was changed to Approved by h.neto.,h.neto
05/19/2026 09:45:28,Identity status for User:(6613396), was changed to Approved by h.neto.,h.neto
05/19/2026 09:45:23,Identity status for User:(6613396), was changed to Approved by h.neto.,h.neto
05/19/2026 09:45:23,KYC status for User:(6613396), was changed to Approved by h.neto.,h.neto
05/19/2026 09:45:12,Player profile (244936813841 - 6613396) was modified.,h.neto,
05/19/2026 09:42:42,Identity status for User:(6545081), was changed to Approved by h.neto.,h.neto
05/19/2026 09:42:42,KYC status for User:(6545081), was changed to Approved by h.neto.,h.neto
05/19/2026 09:42:34,Identity status for User:(6545081), was changed to Approved by h.neto.,h.neto
05/19/2026 09:42:34,KYC status for User:(6545081), was changed to Approved by h.neto.,h.neto
05/19/2026 09:42:21,Player profile (244949583817 - 6545081) was modified.,h.neto,
05/19/2026 09:39:48,Identity status for User:(6613423), was changed to Pending by h.neto.,h.neto
05/19/2026 09:39:48,KYC status for User:(6613423), was changed to Rejected by h.neto.,h.neto
05/19/2026 09:39:47,Identity status for User:(6613423), was changed to Pending by h.neto.,h.neto
05/19/2026 09:39:47,KYC status for User:(6613423), was changed to Rejected by h.neto.,h.neto
05/19/2026 09:39:47,Identity status for User:(6613423), was changed to Pending by h.neto.,h.neto
05/19/2026 09:39:47,KYC status for User:(6613423), was changed to Rejected by h.neto.,h.neto
05/19/2026 09:39:46,Identity status for User:(6613423), was changed to Pending by h.neto.,h.neto
05/19/2026 09:39:46,KYC status for User:(6613423), was changed to Rejected by h.neto.,h.neto
05/19/2026 09:39:46,KYC status for User:(6613423), was changed to Rejected by h.neto.,h.neto
05/19/2026 09:39:46,Identity status for User:(6613423), was changed to Pending by h.neto.,h.neto
05/19/2026 09:39:45,KYC status for User:(6613423), was changed to Rejected by h.neto.,h.neto
05/19/2026 09:39:45,Identity status for User:(6613423), was changed to Pending by h.neto.,h.neto
05/19/2026 09:39:24,Identity status for User:(6327955), was changed to Approved by h.neto.,h.neto
05/19/2026 09:39:24,KYC status for User:(6327955), was changed to Approved by h.neto.,h.neto
05/19/2026 09:39:19,Identity status for User:(6327955), was changed to Approved by h.neto.,h.neto
05/19/2026 09:39:19,KYC status for User:(6327955), was changed to Approved by h.neto.,h.neto
05/19/2026 09:39:04,Player profile (244953946201 - 6327955) was modified.,h.neto,
05/19/2026 09:38:11,KYC status for User:(6613475), was changed to Rejected by h.neto.,h.neto
05/19/2026 09:38:11,Identity status for User:(6613475), was changed to Pending by h.neto.,h.neto
05/19/2026 09:38:11,Identity status for User:(6613475), was changed to Pending by h.neto.,h.neto
05/19/2026 09:38:11,KYC status for User:(6613475), was changed to Rejected by h.neto.,h.neto
05/19/2026 09:38:11,Identity status for User:(6613475), was changed to Pending by h.neto.,h.neto
05/19/2026 09:38:11,KYC status for User:(6613475), was changed to Rejected by h.neto.,h.neto
05/19/2026 09:38:11,Identity status for User:(6613475), was changed to Pending by h.neto.,h.neto
05/19/2026 09:38:11,KYC status for User:(6613475), was changed to Rejected by h.neto.,h.neto
05/19/2026 09:38:11,KYC status for User:(6613475), was changed to Rejected by h.neto.,h.neto
05/19/2026 09:38:11,Identity status for User:(6613475), was changed to Pending by h.neto.,h.neto
05/19/2026 09:32:42,Identity status for User:(6547887), was changed to Approved by h.neto.,h.neto
05/19/2026 09:32:42,KYC status for User:(6547887), was changed to Approved by h.neto.,h.neto
05/19/2026 09:32:36,KYC status for User:(6547887), was changed to Approved by h.neto.,h.neto
05/19/2026 09:32:36,Identity status for User:(6547887), was changed to Approved by h.neto.,h.neto
05/19/2026 09:32:23,Player profile (244948021288 - 6547887) was modified.,h.neto,
05/19/2026 09:20:38,Identity status for User:(6150830), was changed to Approved by d.francisco.,d.francisco
05/19/2026 09:20:38,KYC status for User:(6150830), was changed to Approved by d.francisco.,d.francisco
05/19/2026 09:19:50,Identity status for User:(6150830), was changed to Approved by d.francisco.,d.francisco
05/19/2026 09:19:50,KYC status for User:(6150830), was changed to Approved by d.francisco.,d.francisco
05/19/2026 09:19:29,Player profile (244936687263 - 6150830) was modified.,d.francisco,
05/19/2026 09:17:12,Identity status for User:(6612808), was changed to Approved by d.francisco.,d.francisco
05/19/2026 09:17:12,KYC status for User:(6612808), was changed to Approved by d.francisco.,d.francisco
05/19/2026 09:16:47,Player profile (244924293904 - 6612808) was modified.,d.francisco,
05/19/2026 09:13:54,KYC status for User:(6613516), was changed to Rejected by h.neto.,h.neto
05/19/2026 09:13:54,Identity status for User:(6613516), was changed to Pending by h.neto.,h.neto
05/19/2026 09:13:53,Identity status for User:(6613516), was changed to Pending by h.neto.,h.neto
05/19/2026 09:13:53,KYC status for User:(6613516), was changed to Rejected by h.neto.,h.neto
05/19/2026 09:13:52,Identity status for User:(6613516), was changed to Pending by h.neto.,h.neto
05/19/2026 09:13:52,KYC status for User:(6613516), was changed to Rejected by h.neto.,h.neto
05/19/2026 09:13:52,Identity status for User:(6613516), was changed to Pending by h.neto.,h.neto
05/19/2026 09:13:52,KYC status for User:(6613516), was changed to Rejected by h.neto.,h.neto
05/19/2026 09:13:52,KYC status for User:(6613516), was changed to Rejected by h.neto.,h.neto
05/19/2026 09:13:52,Identity status for User:(6613516), was changed to Pending by h.neto.,h.neto
05/19/2026 09:13:11,Player profile (244927497011 - 3540818) was modified.,d.francisco,
05/19/2026 09:10:23,KYC status for User:(6613522), was changed to Approved by h.neto.,h.neto
05/19/2026 09:10:23,Identity status for User:(6613522), was changed to Approved by h.neto.,h.neto
05/19/2026 09:10:18,Identity status for User:(6613522), was changed to Approved by h.neto.,h.neto
05/19/2026 09:10:18,KYC status for User:(6613522), was changed to Approved by h.neto.,h.neto
05/19/2026 09:09:57,Player profile (244976639469 - 6613522) was modified.,h.neto,
05/19/2026 09:08:21,KYC status for User:(6613524), was changed to Rejected by h.neto.,h.neto
05/19/2026 09:08:21,Identity status for User:(6613524), was changed to Pending by h.neto.,h.neto
05/19/2026 09:08:21,Identity status for User:(6613524), was changed to Pending by h.neto.,h.neto
05/19/2026 09:08:21,KYC status for User:(6613524), was changed to Rejected by h.neto.,h.neto
05/19/2026 09:08:21,Identity status for User:(6613524), was changed to Pending by h.neto.,h.neto
05/19/2026 09:08:21,KYC status for User:(6613524), was changed to Rejected by h.neto.,h.neto
05/19/2026 09:08:21,Identity status for User:(6613524), was changed to Pending by h.neto.,h.neto
05/19/2026 09:08:21,KYC status for User:(6613524), was changed to Rejected by h.neto.,h.neto
05/19/2026 09:08:20,Identity status for User:(6613524), was changed to Pending by h.neto.,h.neto
05/19/2026 09:08:20,KYC status for User:(6613524), was changed to Rejected by h.neto.,h.neto
05/19/2026 09:08:20,Identity status for User:(6613524), was changed to Pending by h.neto.,h.neto
05/19/2026 09:08:20,KYC status for User:(6613524), was changed to Rejected by h.neto.,h.neto
05/19/2026 09:08:20,KYC status for User:(6613524), was changed to Rejected by h.neto.,h.neto
05/19/2026 09:08:20,Identity status for User:(6613524), was changed to Pending by h.neto.,h.neto
05/19/2026 09:07:53,Player profile (244956664039 - 5941057) was modified.,h.neto,
05/19/2026 09:06:11,Player profile (244956664039 - 5941057) was modified.,h.neto,
05/19/2026 09:05:13,KYC status for User:(6613588), was changed to Rejected by h.neto.,h.neto
05/19/2026 09:05:13,Identity status for User:(6613588), was changed to Pending by h.neto.,h.neto
05/19/2026 09:05:13,KYC status for User:(6613588), was changed to Rejected by h.neto.,h.neto
05/19/2026 09:05:13,Identity status for User:(6613588), was changed to Pending by h.neto.,h.neto
05/19/2026 09:05:13,Identity status for User:(6613588), was changed to Pending by h.neto.,h.neto
05/19/2026 09:05:13,KYC status for User:(6613588), was changed to Rejected by h.neto.,h.neto
05/19/2026 09:05:12,Identity status for User:(6613588), was changed to Pending by h.neto.,h.neto
05/19/2026 09:05:12,KYC status for User:(6613588), was changed to Rejected by h.neto.,h.neto
05/19/2026 09:05:12,Identity status for User:(6613588), was changed to Pending by h.neto.,h.neto
05/19/2026 09:05:12,KYC status for User:(6613588), was changed to Rejected by h.neto.,h.neto
05/19/2026 09:05:12,Identity status for User:(6613588), was changed to Pending by h.neto.,h.neto
05/19/2026 09:05:12,KYC status for User:(6613588), was changed to Rejected by h.neto.,h.neto
05/19/2026 09:05:12,Identity status for User:(6613588), was changed to Pending by h.neto.,h.neto
05/19/2026 09:05:12,KYC status for User:(6613588), was changed to Rejected by h.neto.,h.neto
05/19/2026 09:05:11,Identity status for User:(6613588), was changed to Pending by h.neto.,h.neto
05/19/2026 09:05:11,KYC status for User:(6613588), was changed to Rejected by h.neto.,h.neto
05/19/2026 09:04:48,Identity status for User:(6562029), was changed to Approved by h.neto.,h.neto
05/19/2026 09:04:48,KYC status for User:(6562029), was changed to Approved by h.neto.,h.neto
05/19/2026 09:04:42,Identity status for User:(6562029), was changed to Approved by h.neto.,h.neto
05/19/2026 09:04:42,KYC status for User:(6562029), was changed to Approved by h.neto.,h.neto
05/19/2026 09:03:55,Player profile (244954733491 - 6562029) was modified.,h.neto,
05/19/2026 08:59:15,Identity status for User:(6613596), was changed to Approved by h.neto.,h.neto
05/19/2026 08:59:15,KYC status for User:(6613596), was changed to Rejected by h.neto.,h.neto
05/19/2026 08:59:15,Identity status for User:(6613596), was changed to Approved by h.neto.,h.neto
05/19/2026 08:59:15,KYC status for User:(6613596), was changed to Rejected by h.neto.,h.neto
05/19/2026 08:59:14,Identity status for User:(6613596), was changed to Approved by h.neto.,h.neto
05/19/2026 08:59:14,KYC status for User:(6613596), was changed to Rejected by h.neto.,h.neto
05/19/2026 08:59:14,KYC status for User:(6613596), was changed to Rejected by h.neto.,h.neto
05/19/2026 08:59:14,Identity status for User:(6613596), was changed to Approved by h.neto.,h.neto
05/19/2026 08:59:13,Identity status for User:(6613596), was changed to Approved by h.neto.,h.neto
05/19/2026 08:59:13,KYC status for User:(6613596), was changed to Rejected by h.neto.,h.neto
05/19/2026 08:59:13,Identity status for User:(6613596), was changed to Approved by h.neto.,h.neto
05/19/2026 08:59:13,KYC status for User:(6613596), was changed to Rejected by h.neto.,h.neto
05/19/2026 08:59:13,Identity status for User:(6613596), was changed to Approved by h.neto.,h.neto
05/19/2026 08:59:13,KYC status for User:(6613596), was changed to Rejected by h.neto.,h.neto
05/19/2026 08:59:12,Identity status for User:(6613596), was changed to Approved by h.neto.,h.neto
05/19/2026 08:59:12,KYC status for User:(6613596), was changed to Rejected by h.neto.,h.neto
05/19/2026 08:59:12,Identity status for User:(6613596), was changed to Approved by h.neto.,h.neto
05/19/2026 08:59:12,KYC status for User:(6613596), was changed to Rejected by h.neto.,h.neto
05/19/2026 08:59:12,Identity status for User:(6613596), was changed to Approved by h.neto.,h.neto
05/19/2026 08:59:12,KYC status for User:(6613596), was changed to Rejected by h.neto.,h.neto
05/19/2026 08:59:09,Identity status for User:(6613596), was changed to Approved by h.neto.,h.neto
05/19/2026 08:59:09,KYC status for User:(6613596), was changed to Rejected by h.neto.,h.neto
05/19/2026 08:59:06,Identity status for User:(6613596), was changed to Approved by h.neto.,h.neto
05/19/2026 08:59:06,KYC status for User:(6613596), was changed to Approved by h.neto.,h.neto
05/19/2026 08:46:01,Player profile (244942046289 - 6195897) was modified.,h.neto,
05/19/2026 08:27:14,KYC status for User:(6613601), was changed to Approved by h.neto.,h.neto
05/19/2026 08:27:14,Identity status for User:(6613601), was changed to Approved by h.neto.,h.neto
05/19/2026 08:26:58,KYC status for User:(6613601), was changed to Approved by h.neto.,h.neto
05/19/2026 08:26:58,Identity status for User:(6613601), was changed to Approved by h.neto.,h.neto
05/19/2026 08:26:53,Identity status for User:(6613601), was changed to Approved by h.neto.,h.neto
05/19/2026 08:26:53,KYC status for User:(6613601), was changed to Approved by h.neto.,h.neto
05/19/2026 08:26:32,Player profile (244955061652 - 6613601) was modified.,h.neto,
05/19/2026 08:07:44,Identity status for User:(6613612), was changed to Approved by h.neto.,h.neto
05/19/2026 08:07:44,KYC status for User:(6613612), was changed to Approved by h.neto.,h.neto
05/19/2026 08:07:39,KYC status for User:(6613612), was changed to Approved by h.neto.,h.neto
05/19/2026 08:07:39,Identity status for User:(6613612), was changed to Approved by h.neto.,h.neto
05/19/2026 08:07:29,Player profile (244957192021 - 6613612) was modified.,h.neto,
05/19/2026 08:06:26,Identity status for User:(6613726), was changed to Approved by h.neto.,h.neto
05/19/2026 08:06:26,KYC status for User:(6613726), was changed to Approved by h.neto.,h.neto
05/19/2026 08:06:24,Identity status for User:(6613726), was changed to Approved by h.neto.,h.neto
05/19/2026 08:06:24,KYC status for User:(6613726), was changed to Approved by h.neto.,h.neto
05/19/2026 08:06:06,Player profile (244934753878 - 6613726) was modified.,h.neto,
05/19/2026 08:04:40,Identity status for User:(6613796), was changed to Pending by h.neto.,h.neto
05/19/2026 08:04:40,KYC status for User:(6613796), was changed to Rejected by h.neto.,h.neto
05/19/2026 08:04:40,Identity status for User:(6613796), was changed to Pending by h.neto.,h.neto
05/19/2026 08:04:40,KYC status for User:(6613796), was changed to Rejected by h.neto.,h.neto
05/19/2026 08:04:40,KYC status for User:(6613796), was changed to Rejected by h.neto.,h.neto
05/19/2026 08:04:40,Identity status for User:(6613796), was changed to Pending by h.neto.,h.neto
05/19/2026 08:04:40,Identity status for User:(6613796), was changed to Pending by h.neto.,h.neto
05/19/2026 08:04:40,KYC status for User:(6613796), was changed to Rejected by h.neto.,h.neto
05/19/2026 08:04:40,Identity status for User:(6613796), was changed to Pending by h.neto.,h.neto
05/19/2026 08:04:40,KYC status for User:(6613796), was changed to Rejected by h.neto.,h.neto
05/19/2026 08:04:39,Identity status for User:(6613796), was changed to Pending by h.neto.,h.neto
05/19/2026 08:04:39,KYC status for User:(6613796), was changed to Rejected by h.neto.,h.neto
05/19/2026 08:04:39,KYC status for User:(6613796), was changed to Rejected by h.neto.,h.neto
05/19/2026 08:04:39,Identity status for User:(6613796), was changed to Pending by h.neto.,h.neto
05/19/2026 07:56:49,Identity status for User:(6611646), was changed to Approved by d.francisco.,d.francisco
05/19/2026 07:56:49,KYC status for User:(6611646), was changed to Approved by d.francisco.,d.francisco
05/19/2026 07:56:30,Player profile (244956482477 - 6611646) was modified.,d.francisco,
05/19/2026 07:53:06,KYC status for User:(6505654), was changed to Approved by h.neto.,h.neto
05/19/2026 07:53:06,Identity status for User:(6505654), was changed to Approved by h.neto.,h.neto
05/19/2026 07:53:00,Player profile (244928648726 - 6505654) was modified.,h.neto,
05/19/2026 07:52:48,Identity status for User:(6505654), was changed to Approved by h.neto.,h.neto
05/19/2026 07:52:48,KYC status for User:(6505654), was changed to Approved by h.neto.,h.neto
05/19/2026 07:51:42,Identity status for User:(6552084), was changed to Pending by h.neto.,h.neto
05/19/2026 07:51:42,KYC status for User:(6552084), was changed to Rejected by h.neto.,h.neto
05/19/2026 07:51:42,Identity status for User:(6552084), was changed to Pending by h.neto.,h.neto
05/19/2026 07:51:42,KYC status for User:(6552084), was changed to Rejected by h.neto.,h.neto
05/19/2026 07:51:42,Identity status for User:(6552084), was changed to Pending by h.neto.,h.neto
05/19/2026 07:51:42,KYC status for User:(6552084), was changed to Rejected by h.neto.,h.neto
05/19/2026 07:51:41,Identity status for User:(6552084), was changed to Pending by h.neto.,h.neto
05/19/2026 07:51:41,KYC status for User:(6552084), was changed to Rejected by h.neto.,h.neto
05/19/2026 07:51:41,Identity status for User:(6552084), was changed to Pending by h.neto.,h.neto
05/19/2026 07:51:41,KYC status for User:(6552084), was changed to Rejected by h.neto.,h.neto
05/19/2026 07:51:41,Identity status for User:(6552084), was changed to Pending by h.neto.,h.neto
05/19/2026 07:51:41,KYC status for User:(6552084), was changed to Rejected by h.neto.,h.neto
05/19/2026 07:51:40,Identity status for User:(6552084), was changed to Pending by h.neto.,h.neto
05/19/2026 07:51:40,KYC status for User:(6552084), was changed to Rejected by h.neto.,h.neto
05/19/2026 07:51:29,KYC status for User:(6545628), was changed to Approved by h.neto.,h.neto
05/19/2026 07:51:29,Identity status for User:(6545628), was changed to Approved by h.neto.,h.neto
05/19/2026 07:51:23,Player profile (244957632921 - 6545628) was modified.,h.neto,
05/19/2026 07:50:50,Identity status for User:(6545628), was changed to Approved by h.neto.,h.neto
05/19/2026 07:50:50,KYC status for User:(6545628), was changed to Approved by h.neto.,h.neto
05/19/2026 07:50:13,KYC status for User:(6534961), was changed to Rejected by h.neto.,h.neto
05/19/2026 07:50:13,Identity status for User:(6534961), was changed to Pending by h.neto.,h.neto
05/19/2026 07:50:12,Identity status for User:(6534961), was changed to Pending by h.neto.,h.neto
05/19/2026 07:50:12,KYC status for User:(6534961), was changed to Rejected by h.neto.,h.neto
05/19/2026 07:50:12,KYC status for User:(6534961), was changed to Rejected by h.neto.,h.neto
05/19/2026 07:50:12,Identity status for User:(6534961), was changed to Pending by h.neto.,h.neto
05/19/2026 07:50:12,KYC status for User:(6534961), was changed to Rejected by h.neto.,h.neto
05/19/2026 07:50:12,Identity status for User:(6534961), was changed to Pending by h.neto.,h.neto
05/19/2026 07:50:12,KYC status for User:(6534961), was changed to Rejected by h.neto.,h.neto
05/19/2026 07:50:12,Identity status for User:(6534961), was changed to Pending by h.neto.,h.neto
05/19/2026 07:50:11,Identity status for User:(6534961), was changed to Pending by h.neto.,h.neto
05/19/2026 07:50:11,KYC status for User:(6534961), was changed to Rejected by h.neto.,h.neto
05/19/2026 07:50:10,Identity status for User:(6534961), was changed to Pending by h.neto.,h.neto
05/19/2026 07:50:10,KYC status for User:(6534961), was changed to Rejected by h.neto.,h.neto
05/19/2026 07:49:55,Identity status for User:(6526288), was changed to Rejected by h.neto.,h.neto
05/19/2026 07:49:55,KYC status for User:(6526288), was changed to Rejected by h.neto.,h.neto
05/19/2026 07:49:55,Identity status for User:(6526288), was changed to Rejected by h.neto.,h.neto
05/19/2026 07:49:55,KYC status for User:(6526288), was changed to Rejected by h.neto.,h.neto
05/19/2026 07:49:54,Identity status for User:(6526288), was changed to Rejected by h.neto.,h.neto
05/19/2026 07:49:54,KYC status for User:(6526288), was changed to Rejected by h.neto.,h.neto
05/19/2026 07:49:54,Identity status for User:(6526288), was changed to Rejected by h.neto.,h.neto
05/19/2026 07:49:54,KYC status for User:(6526288), was changed to Rejected by h.neto.,h.neto
05/19/2026 07:49:54,Identity status for User:(6526288), was changed to Rejected by h.neto.,h.neto
05/19/2026 07:49:54,KYC status for User:(6526288), was changed to Rejected by h.neto.,h.neto
05/19/2026 07:49:53,Identity status for User:(6526288), was changed to Rejected by h.neto.,h.neto
05/19/2026 07:49:53,KYC status for User:(6526288), was changed to Rejected by h.neto.,h.neto
05/19/2026 07:49:53,KYC status for User:(6526288), was changed to Rejected by h.neto.,h.neto
05/19/2026 07:49:53,Identity status for User:(6526288), was changed to Rejected by h.neto.,h.neto
05/19/2026 07:49:53,Identity status for User:(6526288), was changed to Rejected by h.neto.,h.neto
05/19/2026 07:49:53,KYC status for User:(6526288), was changed to Rejected by h.neto.,h.neto
05/19/2026 07:49:53,KYC status for User:(6526288), was changed to Rejected by h.neto.,h.neto
05/19/2026 07:49:53,Identity status for User:(6526288), was changed to Rejected by h.neto.,h.neto
05/19/2026 07:49:53,Identity status for User:(6526288), was changed to Rejected by h.neto.,h.neto
05/19/2026 07:49:53,KYC status for User:(6526288), was changed to Rejected by h.neto.,h.neto
05/19/2026 07:48:05,KYC status for User:(6498331), was changed to Rejected by h.neto.,h.neto
05/19/2026 07:48:05,Identity status for User:(6498331), was changed to Pending by h.neto.,h.neto
05/19/2026 07:48:05,Identity status for User:(6498331), was changed to Pending by h.neto.,h.neto
05/19/2026 07:48:05,KYC status for User:(6498331), was changed to Rejected by h.neto.,h.neto
05/19/2026 07:48:05,Identity status for User:(6498331), was changed to Pending by h.neto.,h.neto
05/19/2026 07:48:05,KYC status for User:(6498331), was changed to Rejected by h.neto.,h.neto
05/19/2026 07:48:05,Identity status for User:(6498331), was changed to Pending by h.neto.,h.neto
05/19/2026 07:48:05,KYC status for User:(6498331), was changed to Rejected by h.neto.,h.neto
05/19/2026 07:48:04,KYC status for User:(6498331), was changed to Rejected by h.neto.,h.neto
05/19/2026 07:48:04,Identity status for User:(6498331), was changed to Pending by h.neto.,h.neto
05/19/2026 07:48:04,Identity status for User:(6498331), was changed to Pending by h.neto.,h.neto
05/19/2026 07:48:04,KYC status for User:(6498331), was changed to Rejected by h.neto.,h.neto
05/19/2026 07:48:04,KYC status for User:(6498331), was changed to Rejected by h.neto.,h.neto
05/19/2026 07:48:04,Identity status for User:(6498331), was changed to Pending by h.neto.,h.neto
05/19/2026 07:47:48,Identity status for User:(6495697), was changed to Pending by h.neto.,h.neto
05/19/2026 07:47:48,KYC status for User:(6495697), was changed to Rejected by h.neto.,h.neto
05/19/2026 07:47:48,Identity status for User:(6495697), was changed to Pending by h.neto.,h.neto
05/19/2026 07:47:48,KYC status for User:(6495697), was changed to Rejected by h.neto.,h.neto
05/19/2026 07:47:48,KYC status for User:(6495697), was changed to Rejected by h.neto.,h.neto
05/19/2026 07:47:48,Identity status for User:(6495697), was changed to Pending by h.neto.,h.neto
05/19/2026 07:47:48,Identity status for User:(6495697), was changed to Pending by h.neto.,h.neto
05/19/2026 07:47:48,KYC status for User:(6495697), was changed to Rejected by h.neto.,h.neto
05/19/2026 07:47:48,Identity status for User:(6495697), was changed to Pending by h.neto.,h.neto
05/19/2026 07:47:48,KYC status for User:(6495697), was changed to Rejected by h.neto.,h.neto
05/19/2026 07:47:48,KYC status for User:(6495697), was changed to Rejected by h.neto.,h.neto
05/19/2026 07:47:48,Identity status for User:(6495697), was changed to Pending by h.neto.,h.neto
05/19/2026 07:47:38,Identity status for User:(6473324), was changed to Pending by h.neto.,h.neto
05/19/2026 07:47:38,KYC status for User:(6473324), was changed to Rejected by h.neto.,h.neto
05/19/2026 07:47:38,Identity status for User:(6473324), was changed to Pending by h.neto.,h.neto
05/19/2026 07:47:38,KYC status for User:(6473324), was changed to Rejected by h.neto.,h.neto
05/19/2026 07:47:37,Identity status for User:(6473324), was changed to Pending by h.neto.,h.neto
05/19/2026 07:47:37,KYC status for User:(6473324), was changed to Rejected by h.neto.,h.neto
05/19/2026 07:47:36,Identity status for User:(6473324), was changed to Pending by h.neto.,h.neto
05/19/2026 07:47:36,KYC status for User:(6473324), was changed to Rejected by h.neto.,h.neto
05/19/2026 07:47:36,Identity status for User:(6473324), was changed to Pending by h.neto.,h.neto
05/19/2026 07:47:36,KYC status for User:(6473324), was changed to Rejected by h.neto.,h.neto
05/19/2026 07:47:35,Identity status for User:(6473324), was changed to Pending by h.neto.,h.neto
05/19/2026 07:47:35,KYC status for User:(6473324), was changed to Rejected by h.neto.,h.neto
05/19/2026 07:47:21,Identity status for User:(6445917), was changed to Approved by h.neto.,h.neto
05/19/2026 07:47:21,KYC status for User:(6445917), was changed to Approved by h.neto.,h.neto
05/19/2026 07:47:16,Player profile (244923022945 - 6445917) was modified.,h.neto,
05/19/2026 07:46:57,KYC status for User:(6445917), was changed to Approved by h.neto.,h.neto
05/19/2026 07:46:57,Identity status for User:(6445917), was changed to Approved by h.neto.,h.neto
05/19/2026 07:46:22,Identity status for User:(6440788), was changed to Pending by h.neto.,h.neto
05/19/2026 07:46:22,KYC status for User:(6440788), was changed to Rejected by h.neto.,h.neto
05/19/2026 07:46:22,KYC status for User:(6440788), was changed to Rejected by h.neto.,h.neto
05/19/2026 07:46:22,Identity status for User:(6440788), was changed to Pending by h.neto.,h.neto
05/19/2026 07:46:22,Identity status for User:(6440788), was changed to Pending by h.neto.,h.neto
05/19/2026 07:46:22,KYC status for User:(6440788), was changed to Rejected by h.neto.,h.neto
05/19/2026 07:46:21,KYC status for User:(6440788), was changed to Rejected by h.neto.,h.neto
05/19/2026 07:46:21,Identity status for User:(6440788), was changed to Pending by h.neto.,h.neto
05/19/2026 07:46:21,Identity status for User:(6440788), was changed to Pending by h.neto.,h.neto
05/19/2026 07:46:21,KYC status for User:(6440788), was changed to Rejected by h.neto.,h.neto
05/19/2026 07:45:54,Identity status for User:(6433544), was changed to Pending by h.neto.,h.neto
05/19/2026 07:45:54,KYC status for User:(6433544), was changed to Rejected by h.neto.,h.neto
05/19/2026 07:45:54,Identity status for User:(6433544), was changed to Pending by h.neto.,h.neto
05/19/2026 07:45:54,KYC status for User:(6433544), was changed to Rejected by h.neto.,h.neto
05/19/2026 07:45:53,KYC status for User:(6433544), was changed to Rejected by h.neto.,h.neto
05/19/2026 07:45:53,Identity status for User:(6433544), was changed to Pending by h.neto.,h.neto
05/19/2026 07:45:53,Identity status for User:(6433544), was changed to Pending by h.neto.,h.neto
05/19/2026 07:45:53,KYC status for User:(6433544), was changed to Rejected by h.neto.,h.neto
05/19/2026 07:45:52,KYC status for User:(6433544), was changed to Rejected by h.neto.,h.neto
05/19/2026 07:45:52,Identity status for User:(6433544), was changed to Pending by h.neto.,h.neto
05/19/2026 07:45:40,Identity status for User:(6366836), was changed to Pending by h.neto.,h.neto
05/19/2026 07:45:40,KYC status for User:(6366836), was changed to Rejected by h.neto.,h.neto
05/19/2026 07:45:40,Identity status for User:(6366836), was changed to Pending by h.neto.,h.neto
05/19/2026 07:45:40,KYC status for User:(6366836), was changed to Rejected by h.neto.,h.neto
05/19/2026 07:45:37,KYC status for User:(6366836), was changed to Rejected by h.neto.,h.neto
05/19/2026 07:45:37,Identity status for User:(6366836), was changed to Pending by h.neto.,h.neto
05/19/2026 07:45:34,Identity status for User:(6366836), was changed to Pending by h.neto.,h.neto
05/19/2026 07:45:34,KYC status for User:(6366836), was changed to Rejected by h.neto.,h.neto
05/19/2026 07:45:34,Identity status for User:(6366836), was changed to Pending by h.neto.,h.neto
05/19/2026 07:45:34,KYC status for User:(6366836), was changed to Rejected by h.neto.,h.neto
05/19/2026 07:45:33,Identity status for User:(6366836), was changed to Pending by h.neto.,h.neto
05/19/2026 07:45:33,KYC status for User:(6366836), was changed to Rejected by h.neto.,h.neto
05/19/2026 07:45:21,Identity status for User:(6335111), was changed to Pending by h.neto.,h.neto
05/19/2026 07:45:21,KYC status for User:(6335111), was changed to Rejected by h.neto.,h.neto
05/19/2026 07:45:21,Identity status for User:(6335111), was changed to Pending by h.neto.,h.neto
05/19/2026 07:45:21,KYC status for User:(6335111), was changed to Rejected by h.neto.,h.neto
05/19/2026 07:45:21,Identity status for User:(6335111), was changed to Pending by h.neto.,h.neto
05/19/2026 07:45:21,KYC status for User:(6335111), was changed to Rejected by h.neto.,h.neto
05/19/2026 07:45:21,Identity status for User:(6335111), was changed to Pending by h.neto.,h.neto
05/19/2026 07:45:21,KYC status for User:(6335111), was changed to Rejected by h.neto.,h.neto
05/19/2026 07:45:21,Identity status for User:(6335111), was changed to Pending by h.neto.,h.neto
05/19/2026 07:45:21,KYC status for User:(6335111), was changed to Rejected by h.neto.,h.neto
05/19/2026 07:45:20,Identity status for User:(6335111), was changed to Pending by h.neto.,h.neto
05/19/2026 07:45:20,KYC status for User:(6335111), was changed to Rejected by h.neto.,h.neto
05/19/2026 07:45:14,Identity status for User:(6315194), was changed to Pending by h.neto.,h.neto
05/19/2026 07:45:14,KYC status for User:(6315194), was changed to Rejected by h.neto.,h.neto
05/19/2026 07:45:14,Identity status for User:(6315194), was changed to Pending by h.neto.,h.neto
05/19/2026 07:45:14,KYC status for User:(6315194), was changed to Rejected by h.neto.,h.neto
05/19/2026 07:45:14,Identity status for User:(6315194), was changed to Pending by h.neto.,h.neto
05/19/2026 07:45:14,KYC status for User:(6315194), was changed to Rejected by h.neto.,h.neto
05/19/2026 07:45:14,Identity status for User:(6315194), was changed to Pending by h.neto.,h.neto
05/19/2026 07:45:14,KYC status for User:(6315194), was changed to Rejected by h.neto.,h.neto
05/19/2026 07:45:13,Identity status for User:(6315194), was changed to Pending by h.neto.,h.neto
05/19/2026 07:45:13,KYC status for User:(6315194), was changed to Rejected by h.neto.,h.neto
05/19/2026 07:45:12,Identity status for User:(6315194), was changed to Pending by h.neto.,h.neto
05/19/2026 07:45:12,KYC status for User:(6315194), was changed to Rejected by h.neto.,h.neto
05/19/2026 07:45:12,Identity status for User:(6315194), was changed to Pending by h.neto.,h.neto
05/19/2026 07:45:12,KYC status for User:(6315194), was changed to Rejected by h.neto.,h.neto
05/19/2026 07:44:56,KYC status for User:(6308937), was changed to Rejected by h.neto.,h.neto
05/19/2026 07:44:56,Identity status for User:(6308937), was changed to Pending by h.neto.,h.neto
05/19/2026 07:44:55,Identity status for User:(6308937), was changed to Pending by h.neto.,h.neto
05/19/2026 07:44:55,KYC status for User:(6308937), was changed to Rejected by h.neto.,h.neto
05/19/2026 07:44:55,KYC status for User:(6308937), was changed to Rejected by h.neto.,h.neto
05/19/2026 07:44:55,Identity status for User:(6308937), was changed to Pending by h.neto.,h.neto
05/19/2026 07:44:55,Identity status for User:(6308937), was changed to Pending by h.neto.,h.neto
05/19/2026 07:44:55,KYC status for User:(6308937), was changed to Rejected by h.neto.,h.neto
05/19/2026 07:44:55,Identity status for User:(6308937), was changed to Pending by h.neto.,h.neto
05/19/2026 07:44:55,KYC status for User:(6308937), was changed to Rejected by h.neto.,h.neto
05/19/2026 07:44:55,KYC status for User:(6308937), was changed to Rejected by h.neto.,h.neto
05/19/2026 07:44:55,Identity status for User:(6308937), was changed to Pending by h.neto.,h.neto
05/19/2026 07:44:54,KYC status for User:(6308937), was changed to Rejected by h.neto.,h.neto
05/19/2026 07:44:54,Identity status for User:(6308937), was changed to Pending by h.neto.,h.neto
05/19/2026 07:44:50,Player profile (244930620535 - 6147320) was modified.,h.neto,
05/19/2026 07:44:41,Identity status for User:(6219944), was changed to Pending by h.neto.,h.neto
05/19/2026 07:44:41,KYC status for User:(6219944), was changed to Rejected by h.neto.,h.neto
05/19/2026 07:44:41,Identity status for User:(6219944), was changed to Pending by h.neto.,h.neto
05/19/2026 07:44:41,KYC status for User:(6219944), was changed to Rejected by h.neto.,h.neto
05/19/2026 07:44:41,Identity status for User:(6219944), was changed to Pending by h.neto.,h.neto
05/19/2026 07:44:41,KYC status for User:(6219944), was changed to Rejected by h.neto.,h.neto
05/19/2026 07:44:40,Identity status for User:(6219944), was changed to Pending by h.neto.,h.neto
05/19/2026 07:44:40,KYC status for User:(6219944), was changed to Rejected by h.neto.,h.neto
05/19/2026 07:44:40,Identity status for User:(6219944), was changed to Pending by h.neto.,h.neto
05/19/2026 07:44:40,KYC status for User:(6219944), was changed to Rejected by h.neto.,h.neto
05/19/2026 07:44:40,Identity status for User:(6219944), was changed to Pending by h.neto.,h.neto
05/19/2026 07:44:40,KYC status for User:(6219944), was changed to Rejected by h.neto.,h.neto
05/19/2026 07:44:40,KYC status for User:(6219944), was changed to Rejected by h.neto.,h.neto
05/19/2026 07:44:40,Identity status for User:(6219944), was changed to Pending by h.neto.,h.neto
05/19/2026 07:44:27,KYC status for User:(6211614), was changed to Rejected by h.neto.,h.neto
05/19/2026 07:44:27,Identity status for User:(6211614), was changed to Pending by h.neto.,h.neto
05/19/2026 07:44:27,KYC status for User:(6211614), was changed to Rejected by h.neto.,h.neto
05/19/2026 07:44:27,Identity status for User:(6211614), was changed to Pending by h.neto.,h.neto
05/19/2026 07:44:27,Identity status for User:(6211614), was changed to Pending by h.neto.,h.neto
05/19/2026 07:44:27,KYC status for User:(6211614), was changed to Rejected by h.neto.,h.neto
05/19/2026 07:44:27,Identity status for User:(6211614), was changed to Pending by h.neto.,h.neto
05/19/2026 07:44:27,KYC status for User:(6211614), was changed to Rejected by h.neto.,h.neto
05/19/2026 07:44:26,Identity status for User:(6211614), was changed to Pending by h.neto.,h.neto
05/19/2026 07:44:26,KYC status for User:(6211614), was changed to Rejected by h.neto.,h.neto
05/19/2026 07:44:26,Identity status for User:(6211614), was changed to Pending by h.neto.,h.neto
05/19/2026 07:44:26,KYC status for User:(6211614), was changed to Rejected by h.neto.,h.neto
05/19/2026 07:44:26,Identity status for User:(6211614), was changed to Pending by h.neto.,h.neto
05/19/2026 07:44:26,KYC status for User:(6211614), was changed to Rejected by h.neto.,h.neto
05/19/2026 07:44:06,Player (244923241741 - 6149230) blocks manually updated - Block Login: True; Block Deposit: True; Block Withdrawal: False; Block Gameplay: True; ,h.neto,
05/19/2026 07:43:37,Identity status for User:(6149230), was changed to Pending by h.neto.,h.neto
05/19/2026 07:43:37,KYC status for User:(6149230), was changed to Rejected by h.neto.,h.neto
05/19/2026 07:43:37,Identity status for User:(6149230), was changed to Pending by h.neto.,h.neto
05/19/2026 07:43:37,KYC status for User:(6149230), was changed to Rejected by h.neto.,h.neto
05/19/2026 07:43:36,Identity status for User:(6149230), was changed to Pending by h.neto.,h.neto
05/19/2026 07:43:36,KYC status for User:(6149230), was changed to Rejected by h.neto.,h.neto
05/19/2026 07:43:36,KYC status for User:(6149230), was changed to Rejected by h.neto.,h.neto
05/19/2026 07:43:36,Identity status for User:(6149230), was changed to Pending by h.neto.,h.neto
05/19/2026 07:43:36,Identity status for User:(6149230), was changed to Pending by h.neto.,h.neto
05/19/2026 07:43:36,KYC status for User:(6149230), was changed to Rejected by h.neto.,h.neto
05/19/2026 07:42:19,Identity status for User:(6147320), was changed to Approved by h.neto.,h.neto
05/19/2026 07:42:19,KYC status for User:(6147320), was changed to Approved by h.neto.,h.neto
05/19/2026 07:42:11,Identity status for User:(6147320), was changed to Approved by h.neto.,h.neto
05/19/2026 07:42:11,KYC status for User:(6147320), was changed to Approved by h.neto.,h.neto
05/19/2026 07:40:47,Player profile (244930620535 - 6147320) was modified.,h.neto,
05/19/2026 07:40:13,Identity status for User:(6147320), was changed to Approved by h.neto.,h.neto
05/19/2026 07:40:13,KYC status for User:(6147320), was changed to Approved by h.neto.,h.neto
05/19/2026 07:39:52,Identity status for User:(6104170), was changed to Pending by h.neto.,h.neto
05/19/2026 07:39:52,KYC status for User:(6104170), was changed to Rejected by h.neto.,h.neto
05/19/2026 07:39:51,Identity status for User:(6104170), was changed to Pending by h.neto.,h.neto
05/19/2026 07:39:51,KYC status for User:(6104170), was changed to Rejected by h.neto.,h.neto
05/19/2026 07:39:51,Identity status for User:(6104170), was changed to Pending by h.neto.,h.neto
05/19/2026 07:39:51,KYC status for User:(6104170), was changed to Rejected by h.neto.,h.neto
05/19/2026 07:39:49,Identity status for User:(6104170), was changed to Pending by h.neto.,h.neto
05/19/2026 07:39:49,Identity status for User:(6104170), was changed to Pending by h.neto.,h.neto
05/19/2026 07:39:49,KYC status for User:(6104170), was changed to Rejected by h.neto.,h.neto
05/19/2026 07:39:49,KYC status for User:(6104170), was changed to Rejected by h.neto.,h.neto
05/19/2026 07:39:46,Identity status for User:(6104170), was changed to Pending by h.neto.,h.neto
05/19/2026 07:39:46,KYC status for User:(6104170), was changed to Rejected by h.neto.,h.neto
05/19/2026 07:39:45,Identity status for User:(6104170), was changed to Pending by h.neto.,h.neto
05/19/2026 07:39:45,KYC status for User:(6104170), was changed to Rejected by h.neto.,h.neto
05/19/2026 07:39:44,Identity status for User:(6104170), was changed to Pending by h.neto.,h.neto
05/19/2026 07:39:44,KYC status for User:(6104170), was changed to Rejected by h.neto.,h.neto
05/19/2026 07:39:36,Identity status for User:(6073766), was changed to Pending by h.neto.,h.neto
05/19/2026 07:39:36,KYC status for User:(6073766), was changed to Rejected by h.neto.,h.neto
05/19/2026 07:39:36,Identity status for User:(6073766), was changed to Pending by h.neto.,h.neto
05/19/2026 07:39:36,KYC status for User:(6073766), was changed to Rejected by h.neto.,h.neto
05/19/2026 07:39:36,Identity status for User:(6073766), was changed to Pending by h.neto.,h.neto
05/19/2026 07:39:36,KYC status for User:(6073766), was changed to Rejected by h.neto.,h.neto
05/19/2026 07:39:36,Identity status for User:(6073766), was changed to Pending by h.neto.,h.neto
05/19/2026 07:39:36,KYC status for User:(6073766), was changed to Rejected by h.neto.,h.neto
05/19/2026 07:39:36,KYC status for User:(6073766), was changed to Rejected by h.neto.,h.neto
05/19/2026 07:39:36,Identity status for User:(6073766), was changed to Pending by h.neto.,h.neto
05/19/2026 07:39:35,Identity status for User:(6073766), was changed to Pending by h.neto.,h.neto
05/19/2026 07:39:35,KYC status for User:(6073766), was changed to Rejected by h.neto.,h.neto
05/19/2026 07:39:35,Identity status for User:(6073766), was changed to Pending by h.neto.,h.neto
05/19/2026 07:39:35,KYC status for User:(6073766), was changed to Rejected by h.neto.,h.neto
05/19/2026 07:39:20,Identity status for User:(6068538), was changed to Approved by h.neto.,h.neto
05/19/2026 07:39:20,KYC status for User:(6068538), was changed to Approved by h.neto.,h.neto
05/19/2026 07:38:21,Identity status for User:(6068538), was changed to Approved by h.neto.,h.neto
05/19/2026 07:38:21,KYC status for User:(6068538), was changed to Approved by h.neto.,h.neto
05/19/2026 07:38:10,Identity status for User:(6068538), was changed to Approved by h.neto.,h.neto
05/19/2026 07:38:10,KYC status for User:(6068538), was changed to Approved by h.neto.,h.neto
05/19/2026 07:38:02,Player profile (244947779697 - 6068538) was modified.,h.neto,
05/19/2026 07:35:38,Identity status for User:(6061501), was changed to Approved by h.neto.,h.neto
05/19/2026 07:35:38,KYC status for User:(6061501), was changed to Approved by h.neto.,h.neto
05/19/2026 07:35:33,Identity status for User:(6061501), was changed to Approved by h.neto.,h.neto
05/19/2026 07:35:33,KYC status for User:(6061501), was changed to Approved by h.neto.,h.neto
05/19/2026 07:35:25,Player profile (244930553039 - 6061501) was modified.,h.neto,
05/19/2026 07:34:45,KYC status for User:(6058506), was changed to Rejected by h.neto.,h.neto
05/19/2026 07:34:45,Identity status for User:(6058506), was changed to Pending by h.neto.,h.neto
05/19/2026 07:34:45,KYC status for User:(6058506), was changed to Rejected by h.neto.,h.neto
05/19/2026 07:34:45,Identity status for User:(6058506), was changed to Pending by h.neto.,h.neto
05/19/2026 07:34:44,Identity status for User:(6058506), was changed to Pending by h.neto.,h.neto
05/19/2026 07:34:44,KYC status for User:(6058506), was changed to Rejected by h.neto.,h.neto
05/19/2026 07:34:44,Identity status for User:(6058506), was changed to Pending by h.neto.,h.neto
05/19/2026 07:34:44,KYC status for User:(6058506), was changed to Rejected by h.neto.,h.neto
05/19/2026 07:34:44,KYC status for User:(6058506), was changed to Rejected by h.neto.,h.neto
05/19/2026 07:34:44,Identity status for User:(6058506), was changed to Pending by h.neto.,h.neto
05/19/2026 07:34:43,KYC status for User:(6058506), was changed to Rejected by h.neto.,h.neto
05/19/2026 07:34:43,Identity status for User:(6058506), was changed to Pending by h.neto.,h.neto
05/19/2026 07:34:22,KYC status for User:(6042698), was changed to Rejected by h.neto.,h.neto
05/19/2026 07:34:22,Identity status for User:(6042698), was changed to Pending by h.neto.,h.neto
05/19/2026 07:34:21,KYC status for User:(6042698), was changed to Rejected by h.neto.,h.neto
05/19/2026 07:34:21,Identity status for User:(6042698), was changed to Pending by h.neto.,h.neto
05/19/2026 07:34:21,Identity status for User:(6042698), was changed to Pending by h.neto.,h.neto
05/19/2026 07:34:21,KYC status for User:(6042698), was changed to Rejected by h.neto.,h.neto
05/19/2026 07:34:21,Identity status for User:(6042698), was changed to Pending by h.neto.,h.neto
05/19/2026 07:34:21,KYC status for User:(6042698), was changed to Rejected by h.neto.,h.neto
05/19/2026 07:34:21,KYC status for User:(6042698), was changed to Rejected by h.neto.,h.neto
05/19/2026 07:34:21,Identity status for User:(6042698), was changed to Pending by h.neto.,h.neto
05/19/2026 07:34:20,KYC status for User:(6042698), was changed to Rejected by h.neto.,h.neto
05/19/2026 07:34:20,Identity status for User:(6042698), was changed to Pending by h.neto.,h.neto
05/19/2026 07:16:50,Identity status for User:(6037093), was changed to Approved by d.francisco.,d.francisco
05/19/2026 07:16:50,KYC status for User:(6037093), was changed to Approved by d.francisco.,d.francisco
05/19/2026 07:16:25,Player profile (244929683829 - 6037093) was modified.,d.francisco,
05/19/2026 07:05:32,Identity status for User:(6552024), was changed to Approved by d.francisco.,d.francisco
05/19/2026 07:05:32,KYC status for User:(6552024), was changed to Approved by d.francisco.,d.francisco
05/19/2026 07:05:14,Player profile (244929034548 - 6552024) was modified.,d.francisco,
05/19/2026 07:03:31,KYC status for User:(6098391), was changed to Approved by d.francisco.,d.francisco
05/19/2026 07:03:31,Identity status for User:(6098391), was changed to Approved by d.francisco.,d.francisco
05/19/2026 07:03:09,Player profile (244926658449 - 6098391) was modified.,d.francisco,
05/19/2026 06:49:42,Identity status for User:(6539614), was changed to Approved by h.neto.,h.neto
05/19/2026 06:49:42,KYC status for User:(6539614), was changed to Approved by h.neto.,h.neto
05/19/2026 06:49:41,KYC status for User:(6539614), was changed to Approved by h.neto.,h.neto
05/19/2026 06:49:41,Identity status for User:(6539614), was changed to Approved by h.neto.,h.neto
05/19/2026 06:49:17,Player profile (244939854006 - 6539614) was modified.,h.neto,
05/19/2026 06:48:33,Identity status for User:(6548601), was changed to Approved by h.neto.,h.neto
05/19/2026 06:48:33,KYC status for User:(6548601), was changed to Approved by h.neto.,h.neto
05/19/2026 06:48:18,Identity status for User:(6548601), was changed to Approved by h.neto.,h.neto
05/19/2026 06:48:18,KYC status for User:(6548601), was changed to Approved by h.neto.,h.neto
05/19/2026 06:48:12,Identity status for User:(6548601), was changed to Approved by h.neto.,h.neto
05/19/2026 06:48:12,KYC status for User:(6548601), was changed to Approved by h.neto.,h.neto
05/19/2026 06:48:00,Player profile (244924911179 - 6548601) was modified.,h.neto,
05/19/2026 06:47:15,Identity status for User:(6589654), was changed to Approved by h.neto.,h.neto
05/19/2026 06:47:15,KYC status for User:(6589654), was changed to Approved by h.neto.,h.neto
05/19/2026 06:47:09,Identity status for User:(6589654), was changed to Approved by h.neto.,h.neto
05/19/2026 06:47:09,KYC status for User:(6589654), was changed to Approved by h.neto.,h.neto
05/19/2026 06:46:57,Player profile (244928946691 - 6589654) was modified.,h.neto,
05/19/2026 06:46:05,Identity status for User:(6573673), was changed to Approved by h.neto.,h.neto
05/19/2026 06:46:05,KYC status for User:(6573673), was changed to Approved by h.neto.,h.neto
05/19/2026 06:46:01,KYC status for User:(6573673), was changed to Approved by h.neto.,h.neto
05/19/2026 06:46:01,Identity status for User:(6573673), was changed to Approved by h.neto.,h.neto
05/19/2026 06:45:49,Player profile (244954362012 - 6573673) was modified.,h.neto,
